ONTOLOGY,ID,Description,GeneRatio,BgRatio,RichFactor,FoldEnrichment,zScore,pvalue,p.adjust,qvalue,geneID,Count
BP,GO:0030198,extracellular matrix organization,29/551,331/18860,0.08761329305135952,2.9988869454603275,6.364716373235163,1.5709745901805902e-7,2.574774608902712e-4,2.1946700379556176e-4,COL5A1/ADAMTS3/EMILIN1/CSGALNACT1/SMPD3/COL4A6/ADAMTS9/COL27A1/FBLN1/MMP24/GAS6/CARMIL2/COL12A1/BMP2/SERPINF2/ITGA2/ADAMTS14/ADAMTS2/WT1/ADAMTS5/FOXF1/ADAMTSL2/COL4A3/KIF9/LCP1/COL1A2/MMP25/HAPLN2/COL14A1,29
BP,GO:0043062,extracellular structure organization,29/551,332/18860,0.08734939759036145,2.989854153455929,6.345689736840583,1.6750737339357288e-7,2.574774608902712e-4,2.1946700379556176e-4,COL5A1/ADAMTS3/EMILIN1/CSGALNACT1/SMPD3/COL4A6/ADAMTS9/COL27A1/FBLN1/MMP24/GAS6/CARMIL2/COL12A1/BMP2/SERPINF2/ITGA2/ADAMTS14/ADAMTS2/WT1/ADAMTS5/FOXF1/ADAMTSL2/COL4A3/KIF9/LCP1/COL1A2/MMP25/HAPLN2/COL14A1,29
BP,GO:0045229,external encapsulating structure organization,29/551,333/18860,0.08708708708708708,2.9808756124545597,6.326734190860344,1.785557981208538e-7,2.574774608902712e-4,2.1946700379556176e-4,COL5A1/ADAMTS3/EMILIN1/CSGALNACT1/SMPD3/COL4A6/ADAMTS9/COL27A1/FBLN1/MMP24/GAS6/CARMIL2/COL12A1/BMP2/SERPINF2/ITGA2/ADAMTS14/ADAMTS2/WT1/ADAMTS5/FOXF1/ADAMTSL2/COL4A3/KIF9/LCP1/COL1A2/MMP25/HAPLN2/COL14A1,29
BP,GO:0043567,regulation of insulin-like growth factor receptor signaling pathway,8/551,26/18860,0.3076923076923077,10.531900041881894,8.437187249617379,4.95293727239834e-7,5.356601660098805e-4,4.5658261224240497e-4,IGFBP5/IGFBP3/WNT1/BMP5/IGFBP6/BMP2/CILP/CDH3,8
BP,GO:0006836,neurotransmitter transport,21/551,216/18860,0.09722222222222222,3.327787860455737,5.969027019448988,1.5575888332721205e-6,0.0013476258585470387,0.001148680775358366,NRXN2/GABRQ/RIMS3/TSPOAP1/GRIK5/WNT7A/CPLX2/SYT12/SYT7/SYT4/SLC1A2/DRD2/SNPH/CADPS2/ATP1A2/SLC6A11/SLC17A8/SLC6A7/RPH3A/SYT13/MCTP1,21
BP,GO:0031099,regeneration,19/551,194/18860,0.0979381443298969,3.3522929257020975,5.713068799074117,4.3733174377781e-6,0.002630097654442227,0.0022418259443538757,RTN4RL1/SPP1/WNT7A/WNT1/WNT10B/FZD9/FOLR1/GAS6/MSTN/CCN3/CA3/SOX15/GLI1/APOD/CEBPA/LCP1/KIAA0319/MYMX/EPPK1,19
BP,GO:0001503,ossification,32/551,455/18860,0.07032967032967033,2.407291438144433,5.271383953813563,4.642938432253361e-6,0.002630097654442227,0.0022418259443538757,IGFBP5/SMAD9/IGFBP3/EPHA2/SPP1/EGFR/CSGALNACT1/ALPL/TNFAIP6/SHH/SMPD3/WNT10B/BMP5/FZD9/SFRP1/BMP2/CCN3/SMAD6/NOTUM/TWIST2/CYP24A1/GLI1/RFLNA/ZNF664-RFLNA/BMPR1B/CEBPA/SLC8A1/COL1A2/DLX5/RYR1/TCIRG1/ALOX5,32
BP,GO:0048705,skeletal system morphogenesis,21/551,232/18860,0.09051724137931035,3.098285249389824,5.578638539417624,4.863795939791451e-6,0.002630097654442227,0.0022418259443538757,DLX2/RDH10/WNT7A/CSGALNACT1/ALPL/SMPD3/WNT10B/EYA1/COL27A1/SFRP1/HOXD10/HOXD9/DSCAML1/PAX5/HOXB7/RFLNA/ZNF664-RFLNA/PAPPA2/BMPR1B/DLX5/HOXD8,21
BP,GO:0006813,potassium ion transport,21/551,240/18860,0.0875,2.9950090744101634,5.395894817036208,8.241777871100131e-6,0.0035802712386181733,0.003051728872881101,KCNJ9/KCNF1/HCN4/KCNN2/ATP1A3/KCNJ16/KCNK3/SLC9A2/KCNK12/DRD2/KCNN4/ANK3/KCNK13/ATP1A2/KCNG2/AQP1/KCNT1/CNGB1/GCK/CACNA1D/KEL,21
BP,GO:0007178,cell surface receptor protein serine/threonine kinase signaling pathway,31/551,446/18860,0.06950672645739911,2.3791231596852036,5.113275924888716,8.27617022334298e-6,0.0035802712386181733,0.003051728872881101,CDKN2B/DLX1/SMAD9/EMILIN1/TNFAIP6/SHH/WNT1/SMPD3/BMP5/SFRP1/FOLR1/RBPMS/MSTN/BMP2/CCN3/SMAD6/LDLRAD4/FOXD1/CILP/PRDM16/ADAMTSL2/CDH3/BMPR1B/GDF6/COL1A2/DLX5/KIAA0319/LRG1/SPI1/DMRT1/CLDN5,31
BP,GO:0051146,striated muscle cell differentiation,25/551,321/18860,0.0778816199376947,2.6657846679218187,5.221929951735971,9.193926625480309e-6,0.003615720598347983,0.003081944973115553,HOMER1/IGFBP5/ADAM12/SHH/WNT1/WNT10B/BMP2/CCN3/KLHL41/WT1/FLNC/ADAMTS5/MYLK3/GREB1L/SYNPO2L/SLC8A1/CASQ1/RYR1/MYL9/TNNT1/MYMX/LMOD2/KEL/IL4R/COL14A1,25
BP,GO:0007611,learning or memory,23/551,284/18860,0.08098591549295775,2.772040592009407,5.219868378412493,1.1116496161446503e-5,0.003926979930331259,0.00334725422681714,NRXN2/CNTN2/TH/EGFR/HTT/GLP1R/SYT4/GPR88/C1QL1/FZD9/JPH3/SHANK2/DRD2/SLC8A3/GABRA5/RASGRF1/NFATC4/ATP1A2/CEBPA/RCAN2/KIAA0319/CLSTN2/CLDN5,23
BP,GO:0050878,regulation of body fluid levels,28/551,389/18860,0.07197943444730077,2.4637606781780264,5.060605581275607,1.1930520312673529e-5,0.003926979930331259,0.00334725422681714,EMILIN1/PDGFB/SERPINE1/SHH/FBLN1/GAS6/NEURL1/PRSS56/DRD2/KCNN4/VAV3/TPH1/SERPINF2/NPR1/NPR3/ITGA2/ANGPTL1/TSPAN18/AQP1/SCNN1G/PLA2G4A/TSPAN32/AXL/ANGPT1/MYL9/ABCB1/C1QTNF1/SCUBE1,28
BP,GO:0031589,cell-substrate adhesion,27/551,369/18860,0.07317073170731707,2.50453720508167,5.063359142150469,1.2708672913693394e-5,0.003926979930331259,0.00334725422681714,FAM107A/L1CAM/ARHGAP6/EMILIN1/THSD1/PDGFB/SERPINE1/WNT1/TRIP6/ADAMTS9/FBLN1/SRCIN1/SFRP1/GAS6/TNFRSF12A/GBP1/NEXMIF/SMAD6/ITGA2/NPY2R/ITGA10/SIGLEC1/FOXF1/APOD/AXL/ANGPT1/OLFM4,27
BP,GO:0006936,muscle contraction,27/551,372/18860,0.07258064516129033,2.4843393243955276,5.016057593620265,1.4693372628642877e-5,0.004237568666100605,0.0036119918819744567,HOMER1/IRAG1/CRYAB/HCN4/KCNN2/GRIP2/SCN3A/PGAM2/JPH3/RYR3/DRD2/SLC8A3/SCN5A/KLHL41/ITGA2/CA3/NPY2R/ATP1A2/CACNG1/SLC8A1/CASQ1/RYR1/MYL9/TNNT1/LMOD2/CHRND/CACNA1D,27
BP,GO:0003012,muscle system process,32/551,485/18860,0.06597938144329897,2.258386813104571,4.870506994217869,1.6977276215478967e-5,0.004590231056760125,0.0039125920120278174,HOMER1/IGFBP5/IRAG1/CRYAB/HCN4/KCNN2/GRIP2/SCN3A/PGAM2/PDGFB/JPH3/RYR3/DRD2/SLC8A3/MSTN/SCN5A/KLHL41/NPR3/ITGA2/CA3/NPY2R/ATP1A2/CACNG1/SLC8A1/CASQ1/RYR1/MYL9/TNNT1/LMOD2/CHRND/CACNA1D/COL14A1,32
BP,GO:0006814,sodium ion transport,21/551,255/18860,0.08235294117647059,2.818832070033095,5.0728342635718215,2.0717877369870585e-5,0.005272090441297656,0.004493790986170691,HCN4/SCN3A/ATP1A3/KCNK3/SLC9A2/DRD2/SLC8A3/ANK3/SCN5A/NKAIN3/ATP1A2/CNTN1/SCNN1G/CNGB1/SLC8A1/SLC6A11/SLC17A8/SLC6A7/CLCNKB/SLC5A2/PRSS8,21
BP,GO:0098739,import across plasma membrane,19/551,218/18860,0.0871559633027523,2.9832331540651693,5.1092668552502865,2.327115166983671e-5,0.005592833451317423,0.0047671838771601175,KCNJ9/HCN4/ATP1A3/KCNJ16/SLC9A2/SLC1A2/KCNN4/SLC8A3/ATP1A2/SLC15A2/SLC7A3/SCNN1G/SLC8A1/SLC17A8/SLC6A7/CACNA1A/CACNA1D/SLC39A4/SLC5A2,19
BP,GO:0086010,membrane depolarization during action potential,7/551,31/18860,0.22580645161290322,7.729055675897196,6.5046533704746565,2.4983653439385796e-5,0.005688383409409629,0.004848628143942851,HCN4/SCN3A/ANK3/SCN5A/ATP1A2/SLC8A1/CACNA1D,7
BP,GO:0014706,striated muscle tissue development,29/551,430/18860,0.06744186046511629,2.3084455324357407,4.761349114032991,2.8206261130631676e-5,0.0056968603216989815,0.004855853640633511,HOMER1/HCN4/SHH/WNT10B/EYA1/BMP5/ADAMTS9/NEURL1/HOXD10/MSTN/BMP2/SCN5A/KLHL41/HOXD9/WT1/PAX5/SOX15/MYLK3/GLI1/GREB1L/SGCG/EOMES/SLC8A1/CASQ1/RYR1/CHRND/KEL/COL14A1/TENM4,29
BP,GO:0060537,muscle tissue development,30/551,453/18860,0.06622516556291391,2.2667996778884874,4.734437159022598,2.8974650297044408e-5,0.0056968603216989815,0.004855853640633511,HOMER1/IGFBP5/HCN4/SHH/WNT10B/EYA1/BMP5/ADAMTS9/NEURL1/HOXD10/MSTN/BMP2/SCN5A/KLHL41/HOXD9/WT1/PAX5/SOX15/MYLK3/GLI1/GREB1L/SGCG/EOMES/SLC8A1/CASQ1/RYR1/CHRND/KEL/COL14A1/TENM4,30
BP,GO:0031630,regulation of synaptic vesicle fusion to presynaptic active zone membrane,6/551,22/18860,0.2727272727272727,9.335093218940768,6.785896365191925,3.0288439065898424e-5,0.0056968603216989815,0.004855853640633511,GRIK5/CPLX2/SYT7/SYT4/RPH3A/SYT13,6
BP,GO:1901632,regulation of synaptic vesicle membrane organization,6/551,22/18860,0.2727272727272727,9.335093218940768,6.785896365191925,3.0288439065898424e-5,0.0056968603216989815,0.004855853640633511,GRIK5/CPLX2/SYT7/SYT4/RPH3A/SYT13,6
BP,GO:0141091,transforming growth factor beta receptor superfamily signaling pathway,28/551,411/18860,0.0681265206812652,2.3318805445529254,4.735900701300051,3.2318594592094356e-5,0.005825426675225008,0.004965440212987129,CDKN2B/DLX1/SMAD9/EMILIN1/TNFAIP6/SHH/WNT1/SMPD3/BMP5/SFRP1/FOLR1/MSTN/BMP2/SMAD6/LDLRAD4/FOXD1/CILP/PRDM16/ADAMTSL2/CDH3/BMPR1B/GDF6/COL1A2/DLX5/LRG1/SPI1/DMRT1/CLDN5,28
BP,GO:0086012,membrane depolarization during cardiac muscle cell action potential,6/551,23/18860,0.2608695652173913,8.929219600725952,6.6007200271080615,3.997133068673384e-5,0.0066793948333076876,0.005693340171077411,HCN4/ANK3/SCN5A/ATP1A2/SLC8A1/CACNA1D,6
BP,GO:0006941,striated muscle contraction,18/551,208/18860,0.08653846153846154,2.9620968867792823,4.936194117320935,4.1688317267523706e-5,0.0066793948333076876,0.005693340171077411,HOMER1/HCN4/KCNN2/SCN3A/PGAM2/JPH3/RYR3/SLC8A3/SCN5A/KLHL41/CA3/ATP1A2/SLC8A1/CASQ1/RYR1/TNNT1/CHRND/CACNA1D,18
BP,GO:0071805,potassium ion transmembrane transport,18/551,208/18860,0.08653846153846154,2.9620968867792823,4.936194117320935,4.1688317267523706e-5,0.0066793948333076876,0.005693340171077411,KCNJ9/KCNF1/HCN4/KCNN2/ATP1A3/KCNJ16/KCNK3/SLC9A2/KCNK12/KCNN4/ANK3/KCNK13/ATP1A2/KCNG2/AQP1/KCNT1/CACNA1D/KEL,18
BP,GO:0048880,sensory system development,29/551,443/18860,0.0654627539503386,2.2407033384816444,4.584196098805954,4.835797301088743e-5,0.007050030005448491,0.00600925982652896,DLX1/DLX2/CRYAB/EPHA2/COL5A1/TUB/TH/EGFR/RDH10/WNT7A/NHS/DCX/SHH/ADAMTS9/NKD1/PRSS56/DRD2/SAMD11/WT1/MYO7A/AQP1/BMPR1B/TMEM132E/SLC17A8/LAMC3/SDK1/CRYBG3/SIX3/TCIRG1,29
BP,GO:0050890,cognition,24/551,333/18860,0.07207207207207207,2.4669315413417046,4.6852441818685495,4.8650070345511686e-5,0.007050030005448491,0.00600925982652896,NRXN2/CNTN2/FAM107A/TH/EGFR/HTT/GLP1R/SYT4/GPR88/C1QL1/FZD9/JPH3/SHANK2/DRD2/SLC8A3/GABRA5/RASGRF1/NFATC4/ATP1A2/CEBPA/RCAN2/KIAA0319/CLSTN2/CLDN5,24
BP,GO:0007599,hemostasis,20/551,250/18860,0.08,2.738294010889292,4.79979698916228,4.8890638040558194e-5,0.007050030005448491,0.00600925982652896,EMILIN1/PDGFB/SERPINE1/SHH/FBLN1/GAS6/PRSS56/VAV3/TPH1/SERPINF2/ITGA2/ANGPTL1/TSPAN18/PLA2G4A/TSPAN32/AXL/ANGPT1/MYL9/C1QTNF1/SCUBE1,20
BP,GO:0007605,sensory perception of sound,16/551,174/18860,0.09195402298850575,3.1474643803325195,4.936796644444516,5.334654888385753e-5,0.007444424853921538,0.0063454316040798976,TUB/SPNS2/PAX3/EPS8L2/EYA1/MYO3B/PCDH15/ESPN/MYO7A/COL4A3/ROR1/SLC17A8/KIAA0319/MBP/TMPRSS3/CACNA1D,16
BP,GO:0098659,inorganic cation import across plasma membrane,14/551,139/18860,0.10071942446043165,3.4474924597527057,5.024201609849222,5.769985681021389e-5,0.00756392668366622,0.0064472918151891314,KCNJ9/HCN4/ATP1A3/KCNJ16/SLC9A2/KCNN4/SLC8A3/ATP1A2/SCNN1G/SLC8A1/CACNA1A/CACNA1D/SLC39A4/SLC5A2,14
BP,GO:0099587,inorganic ion import across plasma membrane,14/551,139/18860,0.10071942446043165,3.4474924597527057,5.024201609849222,5.769985681021389e-5,0.00756392668366622,0.0064472918151891314,KCNJ9/HCN4/ATP1A3/KCNJ16/SLC9A2/KCNN4/SLC8A3/ATP1A2/SCNN1G/SLC8A1/CACNA1A/CACNA1D/SLC39A4/SLC5A2,14
BP,GO:0060538,skeletal muscle organ development,17/551,197/18860,0.08629441624365482,2.9537435396648455,4.782035076491916,7.009516479748883e-5,0.008918578909233432,0.007601961680668837,HOMER1/FGFRL1/SHH/WNT10B/NEURL1/HOXD10/MSTN/KLHL41/HOXD9/WT1/PAX5/EOMES/CASQ1/RYR1/MYMX/CHRND/KEL,17
BP,GO:0098742,cell-cell adhesion via plasma-membrane adhesion molecules,21/551,279/18860,0.07526881720430108,2.5763518919657318,4.601755601741896,7.716787649511977e-5,0.009280854314051904,0.007910755690713148,CNTN2/SLITRK3/L1CAM/FGFRL1/AMIGO2/CADM3/MMP24/PCDH15/SLITRK1/ELFN2/BMP2/DSCAML1/CDH19/CDH3/PCDH7/MBP/SDK1/CD6/CLSTN2/CLDN5/TENM4,21
BP,GO:0001654,eye development,28/551,432/18860,0.06481481481481481,2.2185252403038245,4.444676106718778,7.723318430556369e-5,0.009280854314051904,0.007910755690713148,DLX1/DLX2/CRYAB/EPHA2/COL5A1/TUB/TH/EGFR/RDH10/WNT7A/NHS/DCX/SHH/ADAMTS9/NKD1/PRSS56/DRD2/SAMD11/WT1/MYO7A/AQP1/BMPR1B/SLC17A8/LAMC3/SDK1/CRYBG3/SIX3/TCIRG1,28
BP,GO:0007612,learning,15/551,162/18860,0.09259259259259259,3.1693217718626068,4.810461263932662,8.381144008872004e-5,0.009624876733863742,0.008203991337256902,NRXN2/CNTN2/TH/HTT/GPR88/C1QL1/JPH3/SHANK2/DRD2/SLC8A3/GABRA5/ATP1A2/KIAA0319/CLSTN2/CLDN5,15
BP,GO:0050954,sensory perception of mechanical stimulus,17/551,200/18860,0.085,2.909437386569873,4.709419928255989,8.454584278474854e-5,0.009624876733863742,0.008203991337256902,TUB/SPNS2/PAX3/EPS8L2/EYA1/MYO3B/PCDH15/ITGA2/ESPN/MYO7A/COL4A3/ROR1/SLC17A8/KIAA0319/MBP/TMPRSS3/CACNA1D,17
BP,GO:0150063,visual system development,28/551,436/18860,0.06422018348623854,2.1981717977322304,4.39109863511373,9.0430256738332e-5,0.010030802324359595,0.008549991615502755,DLX1/DLX2/CRYAB/EPHA2/COL5A1/TUB/TH/EGFR/RDH10/WNT7A/NHS/DCX/SHH/ADAMTS9/NKD1/PRSS56/DRD2/SAMD11/WT1/MYO7A/AQP1/BMPR1B/SLC17A8/LAMC3/SDK1/CRYBG3/SIX3/TCIRG1,28
BP,GO:0008217,regulation of blood pressure,17/551,203/18860,0.08374384236453201,2.8664407749456875,4.638143104711828,1.0155485532110345e-4,0.010983157602977339,0.009361754162890144,EMILIN1/GRIP2/PDGFB/GLP1R/KCNK3/NOS2/GAS6/DRD2/SERPINF2/NPR1/NPR3/RARRES2/ADM2/ATP1A2/SCNN1G/COL1A2/KLK1,17
BP,GO:0061448,connective tissue development,22/551,307/18860,0.07166123778501629,2.4528692279952944,4.452372157126727,1.0801948014355508e-4,0.011115565058219975,0.009474614789143875,DLX2/UBB/COL5A1/WNT7A/CSGALNACT1/PDGFB/SMPD3/WNT10B/CHI3L1/BMP5/COL27A1/UMODL1/BMP2/CCN3/RORC/FOXD1/WT1/RFLNA/ZNF664-RFLNA/BMPR1B/GDF6/SPI1,22
BP,GO:0042692,muscle cell differentiation,28/551,441/18860,0.06349206349206349,2.1732492149915017,4.324932765844458,1.0975564366997775e-4,0.011115565058219975,0.009474614789143875,HOMER1/IGFBP5/ADAM12/PDGFB/SHH/WNT1/WNT10B/BMP2/CCN3/KLHL41/WT1/NFATC4/FLNC/ADAMTS5/MYLK3/FOXF1/GREB1L/SYNPO2L/SLC8A1/CASQ1/RYR1/MYL9/TNNT1/MYMX/LMOD2/KEL/IL4R/COL14A1,28
BP,GO:0010038,response to metal ion,24/551,351/18860,0.06837606837606838,2.3404222315293097,4.397506803761674,1.10487586108058e-4,0.011115565058219975,0.009474614789143875,NDRG1/HOMER1/MTTP/PGAM2/SHH/KCNK3/SMPD3/CPNE4/RYR3/RASGRP2/DRD2/TESMIN/ANK3/SCN5A/RASAL1/GIPR/NFATC4/ATP1A2/AQP1/FBP1/CEBPA/RYR1/ABCB1/TCIRG1,24
BP,GO:0071560,cellular response to transforming growth factor beta stimulus,22/551,311/18860,0.0707395498392283,2.4213210707220427,4.384448322758251,1.3021067444319475e-4,0.012644259049864713,0.010777633270476214,CDKN2B/DLX1/SMAD9/PDE2A/EMILIN1/WNT7A/WNT1/WNT10A/SFRP1/FOLR1/MSTN/BMP2/SMAD6/LDLRAD4/CILP/PRDM16/ADAMTSL2/CDH3/COL1A2/LRG1/SPI1/CLDN5,22
BP,GO:0043569,negative regulation of insulin-like growth factor receptor signaling pathway,4/551,10/18860,0.4,13.69147005444646,6.964004923064292,1.3152835350067316e-4,0.012644259049864713,0.010777633270476214,IGFBP5/BMP5/BMP2/CILP,4
BP,GO:0017156,calcium-ion regulated exocytosis,9/551,67/18860,0.13432835820895522,4.597881734702169,5.1178675883637474,1.3741884598781213e-4,0.01268764668832883,0.01081461575035061,RIMS3/SYT12/SYT7/CDK5R2/SYT4/TSPAN18/CADPS2/RPH3A/SYT13,9
BP,GO:0043010,camera-type eye development,25/551,379/18860,0.06596306068601583,2.257828175205551,4.2912222447023876,1.4078014355503612e-4,0.01268764668832883,0.01081461575035061,DLX1/DLX2/CRYAB/EPHA2/TUB/TH/EGFR/RDH10/WNT7A/NHS/DCX/SHH/ADAMTS9/PRSS56/DRD2/SAMD11/WT1/AQP1/BMPR1B/SLC17A8/LAMC3/SDK1/CRYBG3/SIX3/TCIRG1,25
BP,GO:0017157,regulation of exocytosis,16/551,189/18860,0.08465608465608465,2.897665619988669,4.548514876956485,1.4212525589075802e-4,0.01268764668832883,0.01081461575035061,RIMS3/WNT7A/CPLX2/SYT12/SYT7/CDK5R2/SYT4/SMPD3/RAB3C/LGI3/CADPS2/FOXF1/RPH3A/SYT13/SPI1/IL4R,16
BP,GO:0050673,epithelial cell proliferation,30/551,496/18860,0.06048387096774194,2.070282770329606,4.190429588641688,1.4900058601767342e-4,0.01268764668832883,0.01081461575035061,CDKN2B/IGFBP5/IGFBP3/EPHA2/EGFR/WNT7A/PDGFB/SHH/WNT10B/PTPRN/EYA1/BMP5/SFRP1/DRD2/CCN3/SCN5A/JCAD/RASGRF1/PIK3CD/PPP1R16B/TNFAIP3/CYP7B1/GLI1/CDH3/COL4A3/DLX5/CCL2/LRG1/ALOX5/EPPK1,30
BP,GO:0045055,regulated exocytosis,18/551,230/18860,0.0782608695652174,2.678765880217786,4.443758428380698,1.5188315534376515e-4,0.01268764668832883,0.01081461575035061,RIMS3/GRIK5/WNT7A/CPLX2/SYT12/SYT7/CDK5R2/SYT4/SNPH/TPH1/TSPAN18/CADPS2/PIK3CD/FOXF1/RPH3A/SYT13/SPI1/IL4R,18
BP,GO:0042391,regulation of membrane potential,29/551,474/18860,0.06118143459915612,2.094159449256052,4.185322957037744,1.5756224079119152e-4,0.01268764668832883,0.01081461575035061,INSYN2A/UBB/KCNJ9/KCNF1/RIMS3/GRIK5/WNT7A/HCN4/KCNN2/SCN3A/ATP1A3/KCNK3/GPR88/GRIK1/FZD9/DRD2/KCNN4/SLC8A3/ANK3/SCN5A/GABRA5/KCNK13/NPY2R/ATP1A2/KCNG2/CNGB1/SLC8A1/CHRND/CACNA1D,29
BP,GO:0048167,regulation of synaptic plasticity,18/551,231/18860,0.07792207792207792,2.667169491125934,4.422764246658919,1.6035529669893814e-4,0.01268764668832883,0.01081461575035061,CNTN2/NSG1/FAM107A/CPLX2/SYT12/SYT7/SYT4/JPH3/NEURL1/SHANK2/DRD2/SLC8A3/GRM2/RASGRF1/NFATC4/CYP46A1/SORCS2/MCTP1,18
BP,GO:0048009,insulin-like growth factor receptor signaling pathway,8/551,54/18860,0.14814814814814814,5.0709148349801705,5.196889686735402,1.6070057284660325e-4,0.01268764668832883,0.01081461575035061,IGFBP5/IGFBP3/WNT1/BMP5/IGFBP6/BMP2/CILP/CDH3,8
BP,GO:0043279,response to alkaloid,11/551,100/18860,0.11,3.7651542649727765,4.809564634252852,1.619282649585015e-4,0.01268764668832883,0.01081461575035061,HOMER1/RYR3/SLC1A2/DRD2/MYRF/GRM2/SLC8A1/RYR1/ABCB1/SDK1/TGM2,11
BP,GO:0060395,SMAD protein signal transduction,11/551,100/18860,0.11,3.7651542649727765,4.809564634252852,1.619282649585015e-4,0.01268764668832883,0.01081461575035061,SMAD9/EMILIN1/BMP5/RBPMS/BMP2/CCN3/SMAD6/LDLRAD4/CILP/GDF6/KIAA0319,11
BP,GO:0042060,wound healing,28/551,453/18860,0.06181015452538632,2.115679699362588,4.169653275436314,1.720339177771887e-4,0.01268764668832883,0.01081461575035061,COL5A1/EMILIN1/WNT7A/PDGFB/SYT7/SERPINE1/SHH/FBLN1/GAS6/PRSS56/CARMIL2/TNFRSF12A/VAV3/SERPINF2/ITGA2/ANGPTL1/TNFAIP3/AQP1/PLA2G4A/TSPAN32/AXL/ANGPT1/MYL9/C1QTNF1/SCUBE1/LRG1/ALOX5/EPPK1,28
BP,GO:0007269,neurotransmitter secretion,14/551,154/18860,0.09090909090909091,3.1116977396469228,4.564618307975273,1.7402824298173703e-4,0.01268764668832883,0.01081461575035061,NRXN2/RIMS3/TSPOAP1/GRIK5/WNT7A/CPLX2/SYT12/SYT7/SYT4/SNPH/CADPS2/RPH3A/SYT13/MCTP1,14
BP,GO:0099643,signal release from synapse,14/551,154/18860,0.09090909090909091,3.1116977396469228,4.564618307975273,1.7402824298173703e-4,0.01268764668832883,0.01081461575035061,NRXN2/RIMS3/TSPOAP1/GRIK5/WNT7A/CPLX2/SYT12/SYT7/SYT4/SNPH/CADPS2/RPH3A/SYT13/MCTP1,14
BP,GO:1903035,negative regulation of response to wounding,11/551,101/18860,0.10891089108910891,3.7278755098740364,4.768515617921587,1.7702174778461672e-4,0.01268764668832883,0.01081461575035061,RTN4RL1/SPP1/PDGFB/SERPINE1/SERPINF2/IL33/ANGPT1/KIAA0319/C1QTNF1/ALOX5/EPPK1,11
BP,GO:0002685,regulation of leukocyte migration,18/551,233/18860,0.07725321888412018,2.644275332403823,4.3811070199522035,1.785504468405108e-4,0.01268764668832883,0.01081461575035061,SPNS2/EMILIN1/TNFAIP6/SERPINE1/SMPD3/BMP5/GAS6/MSTN/CCN3/CMKLR1/RARRES2/ITGA2/CD74/IL33/APOD/IL34/CCL2/SPI1,18
BP,GO:0071559,response to transforming growth factor beta,22/551,318/18860,0.06918238993710692,2.368021550297344,4.268065029071037,1.7890579010357342e-4,0.01268764668832883,0.01081461575035061,CDKN2B/DLX1/SMAD9/PDE2A/EMILIN1/WNT7A/WNT1/WNT10A/SFRP1/FOLR1/MSTN/BMP2/SMAD6/LDLRAD4/CILP/PRDM16/ADAMTSL2/CDH3/COL1A2/LRG1/SPI1/CLDN5,22
BP,GO:0001763,morphogenesis of a branching structure,17/551,214/18860,0.0794392523364486,2.7191003612802547,4.387509761052667,1.9235509496159939e-4,0.013421421625869016,0.011440066174031966,DLX2/EPHA2/RDH10/SHH/WNT1/EYA1/SFRP1/LLGL2/DRD2/BMP2/FOXD1/WT1/NFATC4/HOXB7/FOXF1/GREB1L/TGM2,17
BP,GO:0010927,cellular component assembly involved in morphogenesis,13/551,138/18860,0.09420289855072464,3.2244404113732608,4.549744580891381,2.0682548732874919e-4,0.01398011028412764,0.011916277666325798,CCDC136/KLHL41/FLNC/MYLK3/UGT8/CNTN1/SYNPO2L/ACRBP/CASQ1/MYL9/TNNT1/LMOD2/TENM4,13
BP,GO:0032989,cellular anatomical entity morphogenesis,13/551,138/18860,0.09420289855072464,3.2244404113732608,4.549744580891381,2.0682548732874919e-4,0.01398011028412764,0.011916277666325798,CCDC136/KLHL41/FLNC/MYLK3/UGT8/CNTN1/SYNPO2L/ACRBP/CASQ1/MYL9/TNNT1/LMOD2/TENM4,13
BP,GO:0030534,adult behavior,14/551,157/18860,0.08917197452229299,3.052238547169593,4.479451588346194,2.1308114108926638e-4,0.014149386910577336,0.012060564602708814,NRXN2/HOMER1/CNTN2/SLITRK1/SLC1A2/SHANK2/HOXD10/DRD2/HOXD9/GRM2/PAX5/ATP1A2/PREX2/SDK1,14
BP,GO:0030199,collagen fibril organization,9/551,71/18860,0.1267605633802817,4.338846144014724,4.88963639850319,2.158713675677541e-4,0.014149386910577336,0.012060564602708814,COL5A1/ADAMTS3/EMILIN1/COL12A1/SERPINF2/ADAMTS14/ADAMTS2/COL1A2/COL14A1,9
BP,GO:0045444,fat cell differentiation,19/551,259/18860,0.07335907335907337,2.510983890294235,4.247607578979073,2.3246660449422374e-4,0.014649186985421619,0.012486581018062617,CNTN2/WNT1/WNT10B/SFRP1/LAMB3/BMP2/TPH1/CMKLR1/RORC/SMAD6/RARRES2/VSTM2A/FNDC5/PRDM16/CEBPA/GDF6/ZBTB7C/LRG1/ALOX5,19
BP,GO:0031629,synaptic vesicle fusion to presynaptic active zone membrane,6/551,31/18860,0.1935483870967742,6.624904865054739,5.437324069130883,2.3903020408253456e-4,0.014649186985421619,0.012486581018062617,GRIK5/CPLX2/SYT7/SYT4/RPH3A/SYT13,6
BP,GO:0090382,phagosome maturation,6/551,31/18860,0.1935483870967742,6.624904865054739,5.437324069130883,2.3903020408253456e-4,0.014649186985421619,0.012486581018062617,MREG/SYT7/RAB7B/MYO7A/RAB32/TCIRG1,6
BP,GO:0007389,pattern specification process,29/551,486/18860,0.059670781893004114,2.04245180853368,4.039011438366143,2.4004281348472833e-4,0.014649186985421619,0.012486581018062617,DLX1/DLX2/PLXNA2/WNT7A/SHH/SHROOM3/WNT1/EYA1/BMP5/SFRP1/NKD1/FOLR1/HOXD10/BMP2/HOXD9/SMAD6/FOXD1/WT1/DSCAML1/HES2/HOXB7/FOXF1/GLI1/RIPPLY3/BMPR1B/EOMES/SEMA3F/HOXD8/SIX3,29
BP,GO:0045600,positive regulation of fat cell differentiation,9/551,72/18860,0.125,4.278584392014519,4.835207951490131,2.4042817289989248e-4,0.014649186985421619,0.012486581018062617,SFRP1/BMP2/TPH1/CMKLR1/RARRES2/VSTM2A/FNDC5/CEBPA/ZBTB7C,9
BP,GO:0006887,exocytosis,24/551,370/18860,0.06486486486486487,2.2202383872075346,4.112253766380219,2.4418732372723717e-4,0.014671588367278167,0.012505675365738479,RIMS3/GRIK5/WNT7A/CPLX2/SYT12/SYT7/CDK5R2/SYT4/SMPD3/RAB3C/SRCIN1/LLGL2/SNPH/TPH1/LGI3/TSPAN18/CADPS2/PIK3CD/FOXF1/STXBP5L/RPH3A/SYT13/SPI1/IL4R,24
BP,GO:0016079,synaptic vesicle exocytosis,11/551,105/18860,0.10476190476190476,3.585861204735978,4.609397301041768,2.4990360955527935e-4,0.014809356368988199,0.01262310518056444,RIMS3/GRIK5/WNT7A/CPLX2/SYT12/SYT7/SYT4/SNPH/CADPS2/RPH3A/SYT13,11
BP,GO:0071320,cellular response to cAMP,8/551,58/18860,0.13793103448275862,4.72119657049878,4.923765964928415,2.672989268943917e-4,0.01562615078033971,0.013319319216373462,IGFBP5/PDE2A/HCN4/WNT10B/SLC8A3/WT1/AQP1/FBP1,8
BP,GO:0051960,regulation of nervous system development,28/551,466/18860,0.060085836909871244,2.05665859186964,4.00675117836301,2.7346521987097204e-4,0.015773473882157666,0.01344489354677916,DLX1/DLX2/SLITRK3/MAP6/RTN4RL1/L1CAM/SPP1/AMIGO2/WNT7A/SHH/SYT4/OTP/SLITRK1/NEURL1/FLRT1/TNFRSF12A/DRD2/BMP2/MYRF/NFATC4/HES2/TLX2/IL34/SEMA3F/KIAA0319/TGM2/CLSTN2/TENM4,28
BP,GO:0099500,vesicle fusion to plasma membrane,6/551,32/18860,0.1875,6.4178765880217785,5.321141646969335,2.8699582746985475e-4,0.016205040419887566,0.013812749492874456,GRIK5/CPLX2/SYT7/SYT4/RPH3A/SYT13,6
BP,GO:0010759,positive regulation of macrophage chemotaxis,5/551,21/18860,0.23809523809523808,8.14968455621813,5.686832317875933,2.884392307746978e-4,0.016205040419887566,0.013812749492874456,MSTN/CMKLR1/RARRES2/IL34/CCL2,5
BP,GO:0021892,cerebral cortex GABAergic interneuron differentiation,4/551,12/18860,0.3333333333333333,11.409558378705382,6.25738834531382,2.9589578923749655e-4,0.016389635697861747,0.01397009364420997,CNTN2/DLX1/DLX2/DRD2,4
BP,GO:0007596,blood coagulation,18/551,243/18860,0.07407407407407407,2.5354574174900852,4.179158874155236,2.993021775615067e-4,0.016389635697861747,0.01397009364420997,EMILIN1/PDGFB/SERPINE1/SHH/FBLN1/GAS6/PRSS56/VAV3/SERPINF2/ITGA2/ANGPTL1/PLA2G4A/TSPAN32/AXL/ANGPT1/MYL9/C1QTNF1/SCUBE1,18
BP,GO:0001649,osteoblast differentiation,19/551,265/18860,0.07169811320754717,2.454131424853611,4.1355314026212575,3.1055169358779554e-4,0.01673314936285305,0.014262895641549077,IGFBP5/SMAD9/IGFBP3/EPHA2/SPP1/ALPL/TNFAIP6/SHH/WNT10B/SFRP1/BMP2/SMAD6/TWIST2/CYP24A1/GLI1/BMPR1B/CEBPA/DLX5/TCIRG1,19
BP,GO:0090092,regulation of transmembrane receptor protein serine/threonine kinase signaling pathway,22/551,331/18860,0.06646525679758308,2.275017682763007,4.059822362678555,3.133113958370543e-4,0.01673314936285305,0.014262895641549077,CDKN2B/DLX1/EMILIN1/TNFAIP6/SHH/WNT1/BMP5/SFRP1/FOLR1/BMP2/CCN3/SMAD6/LDLRAD4/FOXD1/CILP/PRDM16/ADAMTSL2/CDH3/GDF6/KIAA0319/LRG1/DMRT1,22
BP,GO:0031214,biomineral tissue development,15/551,183/18860,0.08196721311475409,2.8056291095177173,4.257977384577764,3.2256182755880996e-4,0.01701710324413917,0.01450493044850464,SPP1/ALPL/SMPD3/WNT10B/FZD9/GAS6/BMP2/NOTUM/RFLNA/ZNF664-RFLNA/BMPR1B/SLC8A1/COL1A2/TCIRG1/ALOX5,15
BP,GO:0021953,central nervous system neuron differentiation,18/551,245/18860,0.07346938775510205,2.5147598059187377,4.139978749235628,3.3055584816840336e-4,0.017228730110560395,0.01468531561361975,CNTN2/DLX1/DLX2/UBB/EPHA2/WNT7A/SHH/WNT1/OTP/SFRP1/LHX4/HOXD10/DRD2/BMP2/BMPR1B/EOMES/DLX5/KIAA0319,18
BP,GO:0048568,embryonic organ development,28/551,472/18860,0.059322033898305086,2.030514626718755,3.933333124110742,3.3605000251429e-4,0.017306575129485934,0.014751668656736315,DLX2/EPHA2/TH/EGFR/RDH10/PDGFB/SHH/WNT1/EYA1/BMP5/MYO3B/FOLR1/LLGL2/HOXD10/HOXD9/RARRES2/DSCAML1/PAX5/MYO7A/SOX15/HOXB7/FOXF1/GLI1/GREB1L/CEBPA/EOMES/DLX5/SIX3,28
BP,GO:0043269,regulation of monoatomic ion transport,27/551,449/18860,0.060133630289532294,2.0582944959357152,3.9372576569580677,3.4548502580341255e-4,0.017583155548536032,0.014987418518753615,HOMER1/KCNJ9/KCNF1/HTT/KCNN2/PDGFB/KCNJ16/JPH3/DRD2/KCNN4/ANK3/SCN5A/NKAIN3/ATP1A2/CACNG1/KCNG2/CNTN1/SLC8A1/CASQ1/GCK/CCL2/ABCB1/CRACR2A/CACNA1D/TCIRG1/KEL/PRSS8,27
BP,GO:0043410,positive regulation of MAPK cascade,28/551,474/18860,0.05907172995780591,2.0219470544541185,3.9090997850378146,3.595633816050586e-4,0.01808687428864516,0.015416775101132443,MTURN/IGFBP3/EGFR/WNT7A/PDGFB/GADD45G/CHI3L1/NKD1/GAS6/IGFBP6/DRD2/BMP2/SERPINF2/JCAD/RASGRF1/CD74/LAPTM5/GPR37/IL34/GDF6/ALKAL2/ANGPT1/HCRTR1/C1QTNF1/CRACR2A/CAVIN3/SPI1/TPD52L1,28
BP,GO:0006883,intracellular sodium ion homeostasis,5/551,22/18860,0.22727272727272727,7.779244349117307,5.519224366067638,3.64365934218462e-4,0.01811778197044904,0.01544311999476434,ATP1A3/ATP1A2/SCNN1G/SLC8A1/TMPRSS3,5
BP,GO:0030278,regulation of ossification,12/551,128/18860,0.09375,3.2089382940108893,4.350100712713166,3.755918585578197e-4,0.018195099896075383,0.015509023757440222,WNT10B/FZD9/SFRP1/BMP2/CCN3/SMAD6/NOTUM/RFLNA/ZNF664-RFLNA/BMPR1B/SLC8A1/ALOX5,12
BP,GO:0030282,bone mineralization,12/551,128/18860,0.09375,3.2089382940108893,4.350100712713166,3.755918585578197e-4,0.018195099896075383,0.015509023757440222,ALPL/SMPD3/WNT10B/FZD9/BMP2/NOTUM/RFLNA/ZNF664-RFLNA/BMPR1B/SLC8A1/COL1A2/ALOX5,12
BP,GO:0001658,branching involved in ureteric bud morphogenesis,8/551,61/18860,0.13114754098360656,4.489006575228348,4.734805558757158,3.804062113883311e-4,0.018195099896075383,0.015509023757440222,SHH/WNT1/EYA1/BMP2/FOXD1/WT1/HOXB7/GREB1L,8
BP,GO:0050817,coagulation,18/551,248/18860,0.07258064516129033,2.4843393243955276,4.081927897411431,3.8274481982035594e-4,0.018195099896075383,0.015509023757440222,EMILIN1/PDGFB/SERPINE1/SHH/FBLN1/GAS6/PRSS56/VAV3/SERPINF2/ITGA2/ANGPTL1/PLA2G4A/TSPAN32/AXL/ANGPT1/MYL9/C1QTNF1/SCUBE1,18
BP,GO:0055078,sodium ion homeostasis,7/551,47/18860,0.14893617021276595,5.097887786230065,4.879583795146733,3.989433347811171e-4,0.018432404760187215,0.015711296171237756,ATP1A3/DRD2/NPR1/ATP1A2/SCNN1G/SLC8A1/TMPRSS3,7
BP,GO:0050953,sensory perception of light stimulus,17/551,228/18860,0.07456140350877193,2.5521380583946254,4.090447764263129,4.0468957650595285e-4,0.018432404760187215,0.015711296171237756,RGS16/TH/RDH10/GPR179/RGR/MYO3B/PCDH15/MYO7A/SFRP5/PRCD/CDH3/CNGB1/OPN1SW/LAMC3/CRYBG3/SIX3/ABCA4,17
BP,GO:0009954,proximal/distal pattern formation,6/551,34/18860,0.17647058823529413,6.040354435785204,5.102985398144512,4.0537529748712757e-4,0.018432404760187215,0.015711296171237756,DLX1/DLX2/HOXD10/HOXD9/GLI1/SIX3,6
BP,GO:0035725,sodium ion transmembrane transport,15/551,187/18860,0.08021390374331551,2.745615652629638,4.161646615563948,4.0634498133275133e-4,0.018432404760187215,0.015711296171237756,HCN4/SCN3A/ATP1A3/KCNK3/SLC9A2/SLC8A3/SCN5A/ATP1A2/SCNN1G/CNGB1/SLC8A1/SLC6A11/SLC17A8/SLC6A7/SLC5A2,15
BP,GO:0045598,regulation of fat cell differentiation,13/551,148/18860,0.08783783783783784,3.0065728160102028,4.251366000194783,4.1065013800328754e-4,0.018432404760187215,0.015711296171237756,WNT1/WNT10B/SFRP1/BMP2/TPH1/CMKLR1/RORC/RARRES2/VSTM2A/FNDC5/CEBPA/ZBTB7C/ALOX5,13
BP,GO:0021978,telencephalon regionalization,4/551,13/18860,0.3076923076923077,10.531900041881894,5.963934397218864,4.1756256738288185e-4,0.018432404760187215,0.015711296171237756,SHH/BMP2/EOMES/SIX3,4
BP,GO:0043568,positive regulation of insulin-like growth factor receptor signaling pathway,4/551,13/18860,0.3076923076923077,10.531900041881894,5.963934397218864,4.1756256738288185e-4,0.018432404760187215,0.015711296171237756,IGFBP5/IGFBP3/WNT1/CDH3,4
BP,GO:0071675,regulation of mononuclear cell migration,13/551,150/18860,0.08666666666666667,2.9664851784633997,4.194712793155254,4.672711205243081e-4,0.020418331993819764,0.017404048221123358,SPNS2/EMILIN1/SERPINE1/BMP5/GAS6/MSTN/CCN3/CMKLR1/RARRES2/APOD/IL34/CCL2/SPI1,13
BP,GO:1902041,regulation of extrinsic apoptotic signaling pathway via death domain receptors,7/551,49/18860,0.14285714285714285,4.8898107337308785,4.729588822938466,5.181698871597123e-4,0.02241602931852915,0.01910683278653129,SERPINE1/BMP5/SFRP1/SCRT2/TNFAIP3/BMPR1B/ZSWIM2,7
BP,GO:0042476,odontogenesis,12/551,133/18860,0.09022556390977443,3.0883015160405547,4.192641572930937,5.32513625424508e-4,0.02280845488699427,0.019441326001688915,DLX1/DLX2/ALPL/SERPINE1/SHH/SMPD3/WNT10A/BMP2/SCN5A/AQP1/COL1A2/TCIRG1,12
BP,GO:0031338,regulation of vesicle fusion,6/551,36/18860,0.16666666666666666,5.704779189352691,4.901594229327193,5.587838150780956e-4,0.023117767053396736,0.019704975542752218,GRIK5/CPLX2/SYT7/SYT4/RPH3A/SYT13,6
BP,GO:0048499,synaptic vesicle membrane organization,6/551,36/18860,0.16666666666666666,5.704779189352691,4.901594229327193,5.587838150780956e-4,0.023117767053396736,0.019704975542752218,GRIK5/CPLX2/SYT7/SYT4/RPH3A/SYT13,6
BP,GO:0021871,forebrain regionalization,5/551,24/18860,0.20833333333333334,7.130973986690866,5.213670381674452,5.603938622785684e-4,0.023117767053396736,0.019704975542752218,SHH/WNT1/BMP2/EOMES/SIX3,5
BP,GO:0050678,regulation of epithelial cell proliferation,25/551,416/18860,0.06009615384615385,2.0570117269300576,3.7818276386165244,5.71019509333676e-4,0.023117767053396736,0.019704975542752218,CDKN2B/EGFR/WNT7A/PDGFB/SHH/WNT10B/PTPRN/EYA1/BMP5/SFRP1/DRD2/SCN5A/JCAD/PIK3CD/PPP1R16B/TNFAIP3/CYP7B1/GLI1/CDH3/COL4A3/DLX5/CCL2/LRG1/ALOX5/EPPK1,25
BP,GO:0031223,auditory behavior,4/551,14/18860,0.2857142857142857,9.779621467461757,5.700763620195534,5.711388740671649e-4,0.023117767053396736,0.019704975542752218,NRXN2/HTT/DRD2/KIAA0319,4
BP,GO:0071674,mononuclear cell migration,17/551,235/18860,0.07234042553191489,2.476116924740317,3.9501116171456827,5.717986765403261e-4,0.023117767053396736,0.019704975542752218,SPNS2/EMILIN1/PDGFB/SERPINE1/BMP5/GAS6/MSTN/CCN3/CMKLR1/RARRES2/PIK3CD/CYP7B1/APOD/IL34/CCL2/SPI1/ALOX5,17
BP,GO:0001657,ureteric bud development,10/551,98/18860,0.10204081632653061,3.4927219526649136,4.2919052703825304,5.839851769121472e-4,0.023197791967931366,0.019773186671451348,SHH/WNT1/EYA1/SFRP1/BMP2/SMAD6/FOXD1/WT1/HOXB7/GREB1L,10
BP,GO:0021879,forebrain neuron differentiation,9/551,81/18860,0.1111111111111111,3.8031861262351283,4.385923282735795,5.845028489377067e-4,0.023197791967931366,0.019773186671451348,CNTN2/DLX1/DLX2/UBB/OTP/DRD2/BMP2/EOMES/DLX5,9
BP,GO:0032963,collagen metabolic process,11/551,116/18860,0.09482758620689655,3.245822642217911,4.208972906882548,5.914772832557556e-4,0.023261188430585444,0.019827224145884326,COL5A1/ADAMTS3/EMILIN1/SMPD3/MMP24/SERPINF2/ITGA2/ADAMTS14/ADAMTS2/COL1A2/MMP25,11
BP,GO:0072163,mesonephric epithelium development,10/551,99/18860,0.10101010101010101,3.4574419329410255,4.252807131895592,6.329788454319347e-4,0.02425300926203499,0.020672626090689972,SHH/WNT1/EYA1/SFRP1/BMP2/SMAD6/FOXD1/WT1/HOXB7/GREB1L,10
BP,GO:0072164,mesonephric tubule development,10/551,99/18860,0.10101010101010101,3.4574419329410255,4.252807131895592,6.329788454319347e-4,0.02425300926203499,0.020672626090689972,SHH/WNT1/EYA1/SFRP1/BMP2/SMAD6/FOXD1/WT1/HOXB7/GREB1L,10
BP,GO:0030900,forebrain development,25/551,419/18860,0.059665871121718374,2.0422837193386725,3.74285970817976,6.335159608437249e-4,0.02425300926203499,0.020672626090689972,CNTN2/DLX1/DLX2/UBB/RTN4RL1/EGFR/WNT7A/SHH/CDK5R2/WNT1/OTP/SLC1A2/DRD2/SLC8A3/BMP2/SCN5A/PAX5/ATP1A2/AQP1/GLI1/AXL/EOMES/DLX5/KIAA0319/SIX3,25
BP,GO:1900746,regulation of vascular endothelial growth factor signaling pathway,6/551,37/18860,0.16216216216216217,5.550595968018835,4.806484387216837,6.506699963051404e-4,0.024691214070316114,0.02104614032370182,ADAMTS3/PTP4A3/EMILIN1/JCAD/TSPAN32/ANGPT1,6
BP,GO:0042220,response to cocaine,7/551,51/18860,0.13725490196078433,4.698053450055159,4.587522804549422,6.641532167200256e-4,0.024768334616645096,0.021111875845465068,HOMER1/SLC1A2/DRD2/MYRF/GRM2/SDK1/TGM2,7
BP,GO:0070296,sarcoplasmic reticulum calcium ion transport,7/551,51/18860,0.13725490196078433,4.698053450055159,4.587522804549422,6.641532167200256e-4,0.024768334616645096,0.021111875845465068,JPH3/RYR3/ATP1A2/CACNG1/SLC8A1/CASQ1/RYR1,7
BP,GO:0051899,membrane depolarization,10/551,100/18860,0.1,3.422867513611615,4.214208970023337,6.853177988178722e-4,0.025339186305009528,0.021598454784156607,HCN4/SCN3A/FZD9/ANK3/SCN5A/ATP1A2/CNGB1/SLC8A1/CHRND/CACNA1D,10
BP,GO:0021536,diencephalon development,9/551,83/18860,0.10843373493975904,3.7115430870487396,4.294823000466234,6.995121619849852e-4,0.025429324476865932,0.021675286186938557,UBB/SHH/WNT1/OTP/DRD2/BMP2/GLI1/KIAA0319/SIX3,9
BP,GO:0030500,regulation of bone mineralization,9/551,83/18860,0.10843373493975904,3.7115430870487396,4.294823000466234,6.995121619849852e-4,0.025429324476865932,0.021675286186938557,WNT10B/FZD9/BMP2/NOTUM/RFLNA/ZNF664-RFLNA/BMPR1B/SLC8A1/ALOX5,9
BP,GO:0060675,ureteric bud morphogenesis,8/551,67/18860,0.11940298507462686,4.087005986401929,4.391163759083123,7.231680975736518e-4,0.02580974098181338,0.021999543192761584,SHH/WNT1/EYA1/BMP2/FOXD1/WT1/HOXB7/GREB1L,8
BP,GO:0007409,axonogenesis,27/551,472/18860,0.057203389830508475,1.957996247193085,3.656540406278705,7.424396199240988e-4,0.02580974098181338,0.021999543192761584,CNTN2/SLITRK3/CTNNA2/MAP6/KIF5A/L1CAM/SPP1/UNC5A/WNT7A/SHH/CDK5R2/LHX4/SLITRK1/TNFRSF12A/DRD2/ANK3/EPHA10/FOXD1/DSCAML1/PTPRH/PLPPR4/CNTN1/BMPR1B/SEMA3F/DLX5/KIAA0319/KEL,27
BP,GO:0031632,positive regulation of synaptic vesicle fusion to presynaptic active zone membrane,4/551,15/18860,0.26666666666666666,9.127646702964308,5.462798647046299,7.609264330583195e-4,0.02580974098181338,0.021999543192761584,SYT7/SYT4/RPH3A/SYT13,4
BP,GO:0099502,calcium-dependent activation of synaptic vesicle fusion,4/551,15/18860,0.26666666666666666,9.127646702964308,5.462798647046299,7.609264330583195e-4,0.02580974098181338,0.021999543192761584,SYT7/SYT4/RPH3A/SYT13,4
BP,GO:1901634,positive regulation of synaptic vesicle membrane organization,4/551,15/18860,0.26666666666666666,9.127646702964308,5.462798647046299,7.609264330583195e-4,0.02580974098181338,0.021999543192761584,SYT7/SYT4/RPH3A/SYT13,4
BP,GO:0055002,striated muscle cell development,14/551,178/18860,0.07865168539325842,2.692142988233855,3.9349407130311485,7.613398243788921e-4,0.02580974098181338,0.021999543192761584,HOMER1/WNT10B/KLHL41/FLNC/MYLK3/SYNPO2L/SLC8A1/CASQ1/RYR1/MYL9/TNNT1/LMOD2/KEL/COL14A1,14
BP,GO:0042246,tissue regeneration,9/551,84/18860,0.10714285714285714,3.667358050298159,4.250325971415728,7.635797625147414e-4,0.02580974098181338,0.021999543192761584,WNT7A/WNT10B/FZD9/MSTN/CCN3/SOX15/APOD/MYMX/EPPK1,9
BP,GO:0060390,regulation of SMAD protein signal transduction,9/551,84/18860,0.10714285714285714,3.667358050298159,4.250325971415728,7.635797625147414e-4,0.02580974098181338,0.021999543192761584,EMILIN1/BMP5/BMP2/CCN3/SMAD6/LDLRAD4/CILP/GDF6/KIAA0319,9
BP,GO:0010959,regulation of metal ion transport,23/551,377/18860,0.0610079575596817,2.0882215600283063,3.7025811574053114,7.636724100027999e-4,0.02580974098181338,0.021999543192761584,HOMER1/KCNF1/HTT/KCNN2/PDGFB/JPH3/DRD2/KCNN4/ANK3/SCN5A/NKAIN3/ATP1A2/CACNG1/KCNG2/CNTN1/SLC8A1/CASQ1/GCK/CCL2/CRACR2A/CACNA1D/KEL/PRSS8,23
BP,GO:0060348,bone development,16/551,220/18860,0.07272727272727272,2.489358191717538,3.854698032770506,7.759940346415638e-4,0.02589706283527952,0.022073974039950407,SPNS2/CSGALNACT1/ALPL/WNT1/SMPD3/COL27A1/BMP2/NOTUM/RFLNA/ZNF664-RFLNA/PAPPA2/BMPR1B/DLX5/RYR1/LRRK1/TGM2,16
BP,GO:0061138,morphogenesis of a branching epithelium,15/551,199/18860,0.07537688442211055,2.5800508896569965,3.8871649837786797,7.782288877915714e-4,0.02589706283527952,0.022073974039950407,EPHA2/RDH10/SHH/WNT1/EYA1/SFRP1/LLGL2/BMP2/FOXD1/WT1/NFATC4/HOXB7/FOXF1/GREB1L/TGM2,15
BP,GO:0050767,regulation of neurogenesis,23/551,378/18860,0.06084656084656084,2.0826971643668557,3.688767082012845,7.915053449785254e-4,0.026137802460893898,0.022279174153955604,DLX1/DLX2/MAP6/L1CAM/SPP1/WNT7A/SHH/SYT4/OTP/SLITRK1/NEURL1/TNFRSF12A/DRD2/BMP2/MYRF/NFATC4/HES2/TLX2/IL34/SEMA3F/KIAA0319/TGM2/TENM4,23
BP,GO:0072171,mesonephric tubule morphogenesis,8/551,68/18860,0.11764705882352941,4.026902957190136,4.337797453506891,7.990113998063364e-4,0.02616349607110604,0.02230107471034004,SHH/WNT1/EYA1/BMP2/FOXD1/WT1/HOXB7/GREB1L,8
BP,GO:1903034,regulation of response to wounding,14/551,179/18860,0.0782122905027933,2.6771030832716542,3.91101093286802,8.043793290469494e-4,0.02616349607110604,0.02230107471034004,RTN4RL1/SPP1/EMILIN1/PDGFB/SERPINE1/TNFRSF12A/SERPINF2/TNFAIP3/IL33/ANGPT1/KIAA0319/C1QTNF1/ALOX5/EPPK1,14
BP,GO:0071622,regulation of granulocyte chemotaxis,7/551,53/18860,0.1320754716981132,4.52076841420402,4.452648876838141,8.409587476294456e-4,0.02714916076302225,0.02314122932400588,TNFAIP6/MSTN/CMKLR1/RARRES2/CD74/IL34/CCL2,7
BP,GO:0050679,positive regulation of epithelial cell proliferation,16/551,222/18860,0.07207207207207207,2.4669315413417046,3.814077360647479,8.547950224229004e-4,0.027247404678587845,0.023224969849160094,EGFR/WNT7A/PDGFB/SHH/PTPRN/EYA1/BMP5/SCN5A/JCAD/PIK3CD/PPP1R16B/TNFAIP3/CYP7B1/CDH3/DLX5/LRG1,16
BP,GO:0010721,negative regulation of cell development,19/551,288/18860,0.06597222222222222,2.2581417624521074,3.7324955806338065,8.596390991009841e-4,0.027247404678587845,0.023224969849160094,DLX1/DLX2/SPP1/WNT7A/TNFAIP6/SHH/SYT4/SHB/SFRP1/NFATC4/CD74/PRDM16/TLX2/RFLNA/ZNF664-RFLNA/CEBPA/SEMA3F/KIAA0319/IL4R,19
BP,GO:0001823,mesonephros development,10/551,103/18860,0.0970873786407767,3.3231723433122475,4.101296518812035,8.641588560219632e-4,0.027247404678587845,0.023224969849160094,SHH/WNT1/EYA1/SFRP1/BMP2/SMAD6/FOXD1/WT1/HOXB7/GREB1L,10
BP,GO:1902547,regulation of cellular response to vascular endothelial growth factor stimulus,6/551,39/18860,0.15384615384615385,5.265950020940947,4.626254670366613,8.691959883599451e-4,0.027247404678587845,0.023224969849160094,ADAMTS3/PTP4A3/EMILIN1/JCAD/TSPAN32/ANGPT1,6
BP,GO:0010812,negative regulation of cell-substrate adhesion,8/551,69/18860,0.11594202898550725,3.96854204476709,4.285441992046602,8.811150336566442e-4,0.027422328313659303,0.02337407014690818,FAM107A/ARHGAP6/SERPINE1/WNT1/FBLN1/GBP1/NEXMIF/APOD,8
BP,GO:0007601,visual perception,16/551,224/18860,0.07142857142857142,2.4449053668654392,3.7738955827916594,9.403011347613871e-4,0.02905530506412686,0.024765976504279245,RGS16/TH/RDH10/GPR179/RGR/MYO3B/MYO7A/SFRP5/PRCD/CDH3/CNGB1/OPN1SW/LAMC3/CRYBG3/SIX3/ABCA4,16
BP,GO:0051962,positive regulation of nervous system development,19/551,291/18860,0.06529209621993128,2.234861950468065,3.682760384019308,9.720452732486165e-4,0.029329783929252607,0.024999935057101953,SLITRK3/MAP6/RTN4RL1/L1CAM/AMIGO2/WNT7A/SHH/OTP/SLITRK1/NEURL1/FLRT1/TNFRSF12A/DRD2/BMP2/MYRF/IL34/TGM2/CLSTN2/TENM4,19
BP,GO:0007638,mechanosensory behavior,4/551,16/18860,0.25,8.557168784029038,5.246085723349096,9.912748513668968e-4,0.029329783929252607,0.024999935057101953,NRXN2/HTT/DRD2/KIAA0319,4
BP,GO:0038065,collagen-activated signaling pathway,4/551,16/18860,0.25,8.557168784029038,5.246085723349096,9.912748513668968e-4,0.029329783929252607,0.024999935057101953,COL4A5/COL4A6/ITGA2/COL4A3,4
BP,GO:0051481,negative regulation of cytosolic calcium ion concentration,4/551,16/18860,0.25,8.557168784029038,5.246085723349096,9.912748513668968e-4,0.029329783929252607,0.024999935057101953,KCNK3/DRD2/ATP1A2/SLC8A1,4
BP,GO:0060033,anatomical structure regression,4/551,16/18860,0.25,8.557168784029038,5.246085723349096,9.912748513668968e-4,0.029329783929252607,0.024999935057101953,TH/DRD2/GLI1/SPI1,4
BP,GO:0007519,skeletal muscle tissue development,14/551,183/18860,0.07650273224043716,2.618587168883203,3.816901003503013,9.97669137013588e-4,0.029329783929252607,0.024999935057101953,HOMER1/SHH/WNT10B/NEURL1/HOXD10/MSTN/KLHL41/HOXD9/PAX5/EOMES/CASQ1/RYR1/CHRND/KEL,14
BP,GO:0071312,cellular response to alkaloid,6/551,40/18860,0.15,5.1343012704174225,4.540724203711162,9.976875843078254e-4,0.029329783929252607,0.024999935057101953,RYR3/SLC1A2/SLC8A1/RYR1/ABCB1/TGM2,6
BP,GO:0070167,regulation of biomineral tissue development,10/551,105/18860,0.09523809523809523,3.2598738224872523,4.028312223018656,0.0010034230285551054,0.029329783929252607,0.024999935057101953,WNT10B/FZD9/GAS6/BMP2/NOTUM/RFLNA/ZNF664-RFLNA/BMPR1B/SLC8A1/ALOX5,10
BP,GO:0070509,calcium ion import,9/551,88/18860,0.10227272727272728,3.5006599571027883,4.078904342660353,0.0010694220402188205,0.031049125811990718,0.026465456777721854,HOMER1/PDGFB/KCNN4/SLC8A3/SLC8A1/GCK/CCL2/CACNA1A/CACNA1D,9
BP,GO:0055001,muscle cell development,15/551,206/18860,0.07281553398058252,2.4923792574841857,3.736195951296691,0.0011062519234464156,0.031904305472194625,0.02719438938830031,HOMER1/WNT10B/KLHL41/NFATC4/FLNC/MYLK3/SYNPO2L/SLC8A1/CASQ1/RYR1/MYL9/TNNT1/LMOD2/KEL/COL14A1,15
BP,GO:0017158,regulation of calcium ion-dependent exocytosis,6/551,41/18860,0.14634146341463414,5.00907441016334,4.458005414242462,0.0011402826300614287,0.032049285819509284,0.027317966816492945,SYT12/SYT7/CDK5R2/SYT4/RPH3A/SYT13,6
BP,GO:0048608,reproductive structure development,20/551,318/18860,0.06289308176100629,2.152746863906676,3.5964335328942862,0.0011434148533673917,0.032049285819509284,0.027317966816492945,UBB/RDH10/WNT7A/TNFAIP6/SHH/PTPRN/BMP5/SFRP1/UMODL1/WT1/SOX15/CYP7B1/GFRA1/GLI1/GREB1L/BMPR1B/AXL/ABCB1/SIX3/DMRT1,20
BP,GO:0045765,regulation of angiogenesis,22/551,365/18860,0.06027397260273973,2.0630982273823433,3.5579142409486937,0.0011525032576845044,0.032049285819509284,0.027317966816492945,ADAM12/EPHA2/EMILIN1/SERPINE1/CHI3L1/ADAMTS9/SFRP1/HSPB6/TNFRSF12A/NPR1/JCAD/TSPAN18/ADM2/PIK3CD/PPP1R16B/TNFAIP3/AQP1/COL4A3/LRG1/TGM2/ALOX5/CLDN5,22
BP,GO:0071248,cellular response to metal ion,14/551,186/18860,0.07526881720430108,2.5763518919657318,3.747949966036949,0.001167053627072591,0.032049285819509284,0.027317966816492945,SHH/KCNK3/SMPD3/CPNE4/RYR3/RASGRP2/ANK3/SCN5A/RASAL1/NFATC4/AQP1/FBP1/CEBPA/RYR1,14
BP,GO:0045778,positive regulation of ossification,7/551,56/18860,0.125,4.278584392014519,4.262438016654958,0.0011735975029659243,0.032049285819509284,0.027317966816492945,WNT10B/FZD9/BMP2/CCN3/BMPR1B/SLC8A1/ALOX5,7
BP,GO:0014046,dopamine secretion,5/551,28/18860,0.17857142857142858,6.112263417163599,4.696202697657532,0.001176815140350525,0.032049285819509284,0.027317966816492945,SYT4/DRD2/GRM2/NPY2R/TGM2,5
BP,GO:0044342,type B pancreatic cell proliferation,5/551,28/18860,0.17857142857142858,6.112263417163599,4.696202697657532,0.001176815140350525,0.032049285819509284,0.027317966816492945,IGFBP5/IGFBP3/PTPRN/CCN3/RASGRF1,5
BP,GO:1905523,positive regulation of macrophage migration,5/551,28/18860,0.17857142857142858,6.112263417163599,4.696202697657532,0.001176815140350525,0.032049285819509284,0.027317966816492945,MSTN/CMKLR1/RARRES2/IL34/CCL2,5
BP,GO:0002688,regulation of leukocyte chemotaxis,11/551,126/18860,0.0873015873015873,2.988217670613315,3.88451462870479,0.00117795572013453,0.032049285819509284,0.027317966816492945,TNFAIP6/SERPINE1/GAS6/MSTN/CCN3/CMKLR1/RARRES2/CD74/IL34/CCL2/SPI1,11
BP,GO:0033002,muscle cell proliferation,17/551,252/18860,0.06746031746031746,2.3090772909284705,3.6292637266113372,0.0012406248036765852,0.03354339312940567,0.028591504521572886,IGFBP5/IGFBP3/PDGFB/SHH/SMPD3/MSTN/BMP2/PDE1A/CCN3/SERPINF2/NPR1/ITGA2/TNFAIP3/GLI1/APOD/ANGPT1/TENM4,17
BP,GO:0021872,forebrain generation of neurons,9/551,90/18860,0.1,3.422867513611615,3.996884538543808,0.0012558269207697016,0.03374301104450558,0.02876165357298661,CNTN2/DLX1/DLX2/UBB/OTP/DRD2/BMP2/EOMES/DLX5,9
BP,GO:0003002,regionalization,25/551,440/18860,0.056818181818181816,1.9448110872793267,3.4787988969800328,0.0012636079031923034,0.03374301104450558,0.02876165357298661,DLX1/DLX2/PLXNA2/WNT7A/SHH/WNT1/SFRP1/NKD1/FOLR1/HOXD10/BMP2/HOXD9/SMAD6/FOXD1/WT1/DSCAML1/HES2/HOXB7/FOXF1/GLI1/BMPR1B/EOMES/SEMA3F/HOXD8/SIX3,25
BP,GO:0002686,negative regulation of leukocyte migration,7/551,57/18860,0.12280701754385964,4.203521507944089,4.201983244166273,0.001304806846370046,0.034418258642663534,0.029337216834623057,EMILIN1/TNFAIP6/BMP5/CCN3/IL33/APOD/CCL2,7
BP,GO:0048146,positive regulation of fibroblast proliferation,7/551,57/18860,0.12280701754385964,4.203521507944089,4.201983244166273,0.001304806846370046,0.034418258642663534,0.029337216834623057,EGFR/PDGFB/WNT1/FBLN1/GAS6/CD74/AQP1,7
BP,GO:0048709,oligodendrocyte differentiation,10/551,109/18860,0.09174311926605505,3.140245425331757,3.8874733682792733,0.0013372027027567183,0.0349036246660441,0.029750930044809235,CNTN2/DLX1/DLX2/SHH/SLC8A3/MYRF/CNTN1/IL34/GPR17/TENM4,10
BP,GO:1903305,regulation of regulated secretory pathway,11/551,128/18860,0.0859375,2.941526769509982,3.8234825330776885,0.0013393438961080261,0.0349036246660441,0.029750930044809235,RIMS3/WNT7A/SYT12/SYT7/CDK5R2/SYT4/FOXF1/RPH3A/SYT13/SPI1/IL4R,11
BP,GO:0042475,odontogenesis of dentin-containing tooth,9/551,91/18860,0.0989010989010989,3.3852535848906085,3.9567399103609717,0.001358390311136093,0.035188002910028375,0.02999332656734784,DLX1/DLX2/SERPINE1/SHH/SMPD3/WNT10A/BMP2/SCN5A/TCIRG1,9
BP,GO:0061458,reproductive system development,20/551,323/18860,0.06191950464396285,2.1194226090474397,3.5202898843013686,0.0013792504033041566,0.035515697885082034,0.0302726451301658,UBB/RDH10/WNT7A/TNFAIP6/SHH/PTPRN/BMP5/SFRP1/UMODL1/WT1/SOX15/CYP7B1/GFRA1/GLI1/GREB1L/BMPR1B/AXL/ABCB1/SIX3/DMRT1,20
BP,GO:0021895,cerebral cortex neuron differentiation,5/551,29/18860,0.1724137931034483,5.9014957131234755,4.582407971077328,0.0013882247121261063,0.03553526689146471,0.030289325235613524,CNTN2/DLX1/DLX2/DRD2/EOMES,5
BP,GO:0035249,"synaptic transmission, glutamatergic",10/551,110/18860,0.09090909090909091,3.1116977396469228,3.8532774324751844,0.0014334003715095608,0.03584560715116934,0.030553851096319983,HOMER1/GRIK5/GRIK1/DRD2/GRM2/NPY2R/ATP1A2/PLPPR4/SLC17A8/CCL2,10
BP,GO:0038084,vascular endothelial growth factor signaling pathway,7/551,58/18860,0.1206896551724138,4.131046999186433,4.142899295190689,0.0014472098941412145,0.03584560715116934,0.030553851096319983,ADAMTS3/PTP4A3/EMILIN1/JCAD/PIK3CD/TSPAN32/ANGPT1,7
BP,GO:0001656,metanephros development,9/551,92/18860,0.09782608695652174,3.3484573502722323,3.9171518827725755,0.001467592093731301,0.03584560715116934,0.030553851096319983,RDH10/PDGFB/SHH/EYA1/FOXD1/WT1/AQP1/GREB1L/GDF6,9
BP,GO:0033273,response to vitamin,9/551,92/18860,0.09782608695652174,3.3484573502722323,3.9171518827725755,0.001467592093731301,0.03584560715116934,0.030553851096319983,SPP1/ALPL/SFRP1/FOLR1/GAS6/ITGA2/CYP24A1/CEBPA/ABCB1,9
BP,GO:0015872,dopamine transport,6/551,43/18860,0.13953488372093023,4.776094205039463,4.3003586089025685,0.0014718022610640585,0.03584560715116934,0.030553851096319983,SYT4/DRD2/GRM2/NPY2R/MAPK15/TGM2,6
BP,GO:0052652,cyclic purine nucleotide metabolic process,6/551,43/18860,0.13953488372093023,4.776094205039463,4.3003586089025685,0.0014718022610640585,0.03584560715116934,0.030553851096319983,EPHA2/PDE2A/ADCY2/PDE1A/NPR1/NPR3,6
BP,GO:0007219,Notch signaling pathway,14/551,191/18860,0.07329842931937172,2.508908125160346,3.6359823823949404,0.0015027456655977056,0.03584560715116934,0.030553851096319983,DLX1/DLX2/PTP4A3/GRIP2/PGAM2/WNT1/NEURL1/LLGL2/BMP2/CCN3/DTX4/CNTN1/CEBPA/RCAN2,14
BP,GO:0050900,leukocyte migration,23/551,397/18860,0.05793450881612091,1.9830214814374596,3.4340763309776476,0.0015147534023605923,0.03584560715116934,0.030553851096319983,SPNS2/EMILIN1/PDGFB/TNFAIP6/SERPINE1/SMPD3/BMP5/GAS6/VAV3/MSTN/CCN3/CMKLR1/RARRES2/ITGA2/PIK3CD/CD74/IL33/CYP7B1/APOD/IL34/CCL2/SPI1/ALOX5,23
BP,GO:0007517,muscle organ development,22/551,373/18860,0.058981233243967826,2.018849471835269,3.4477362671955962,0.0015185477879108684,0.03584560715116934,0.030553851096319983,HOMER1/CRYAB/FGFRL1/SHH/PAX3/WNT10B/NEURL1/HOXD10/MSTN/BMP2/KLHL41/HOXD9/WT1/PAX5/SOX15/SGCG/EOMES/CASQ1/RYR1/MYMX/CHRND/KEL,22
BP,GO:0030239,myofibril assembly,8/551,75/18860,0.10666666666666667,3.6510586811857233,3.990682626255204,0.00152667774270761,0.03584560715116934,0.030553851096319983,KLHL41/FLNC/MYLK3/SYNPO2L/CASQ1/MYL9/TNNT1/LMOD2,8
BP,GO:0070372,regulation of ERK1 and ERK2 cascade,19/551,303/18860,0.0627062706270627,2.1463525662911116,3.489702907345325,0.0015563989800210273,0.03584560715116934,0.030553851096319983,MTURN/EPHA2/EGFR/EMILIN1/PDGFB/DUSP26/CHI3L1/FBLN1/GAS6/DRD2/GBP1/BMP2/SERPINF2/CD74/ALKAL2/ANGPT1/HCRTR1/CAVIN3/DUSP9,19
BP,GO:0071772,response to BMP,14/551,192/18860,0.07291666666666667,2.495840895341803,3.6140148935073917,0.0015787232429420282,0.03584560715116934,0.030553851096319983,DLX1/SMAD9/TNFAIP6/WNT1/SMPD3/BMP5/SFRP1/BMP2/SMAD6/FOXD1/VSTM2A/BMPR1B/GDF6/DLX5,14
BP,GO:0071773,cellular response to BMP stimulus,14/551,192/18860,0.07291666666666667,2.495840895341803,3.6140148935073917,0.0015787232429420282,0.03584560715116934,0.030553851096319983,DLX1/SMAD9/TNFAIP6/WNT1/SMPD3/BMP5/SFRP1/BMP2/SMAD6/FOXD1/VSTM2A/BMPR1B/GDF6/DLX5,14
BP,GO:0043266,regulation of potassium ion transport,9/551,93/18860,0.0967741935483871,3.3124524325273694,3.878105974824358,0.0015837400681465866,0.03584560715116934,0.030553851096319983,KCNF1/KCNN2/DRD2/KCNN4/ANK3/KCNG2/GCK/CACNA1D/KEL,9
BP,GO:0002830,positive regulation of type 2 immune response,4/551,18/18860,0.2222222222222222,7.606372252470257,4.864504523886339,0.0015911115339803422,0.03584560715116934,0.030553851096319983,CD74/IL33/IL4R/RSAD2,4
BP,GO:0032026,response to magnesium ion,4/551,18/18860,0.2222222222222222,7.606372252470257,4.864504523886339,0.0015911115339803422,0.03584560715116934,0.030553851096319983,SMPD3/RYR3/ANK3/FBP1,4
BP,GO:0045956,positive regulation of calcium ion-dependent exocytosis,4/551,18/18860,0.2222222222222222,7.606372252470257,4.864504523886339,0.0015911115339803422,0.03584560715116934,0.030553851096319983,SYT7/CDK5R2/SYT4/RPH3A,4
BP,GO:0070206,protein trimerization,4/551,18/18860,0.2222222222222222,7.606372252470257,4.864504523886339,0.0015911115339803422,0.03584560715116934,0.030553851096319983,SLC1A2/CD74/COL1A2/MLKL,4
BP,GO:0007179,transforming growth factor beta receptor signaling pathway,17/551,258/18860,0.06589147286821706,2.255377819046413,3.522145569106342,0.0015981899235248337,0.03584560715116934,0.030553851096319983,CDKN2B/SMAD9/EMILIN1/WNT1/FOLR1/MSTN/BMP2/SMAD6/LDLRAD4/CILP/PRDM16/ADAMTSL2/CDH3/COL1A2/LRG1/SPI1/CLDN5,17
BP,GO:0006584,catecholamine metabolic process,7/551,59/18860,0.11864406779661017,4.06102925343751,4.085129501300252,0.0016014484991586327,0.03584560715116934,0.030553851096319983,TH/SLITRK1/DRD2/NPR1/DDC/GPR37/SNCB,7
BP,GO:0009712,catechol-containing compound metabolic process,7/551,59/18860,0.11864406779661017,4.06102925343751,4.085129501300252,0.0016014484991586327,0.03584560715116934,0.030553851096319983,TH/SLITRK1/DRD2/NPR1/DDC/GPR37/SNCB,7
BP,GO:0086065,cell communication involved in cardiac conduction,7/551,59/18860,0.11864406779661017,4.06102925343751,4.085129501300252,0.0016014484991586327,0.03584560715116934,0.030553851096319983,HCN4/KCNN2/ATP1A3/SCN5A/ATP1A2/SLC8A1/CACNA1D,7
BP,GO:1901342,regulation of vasculature development,22/551,375/18860,0.058666666666666666,2.0080822746521476,3.4206189886233918,0.0016242346615162567,0.03584560715116934,0.030553851096319983,ADAM12/EPHA2/EMILIN1/SERPINE1/CHI3L1/ADAMTS9/SFRP1/HSPB6/TNFRSF12A/NPR1/JCAD/TSPAN18/ADM2/PIK3CD/PPP1R16B/TNFAIP3/AQP1/COL4A3/LRG1/TGM2/ALOX5/CLDN5,22
BP,GO:0010758,regulation of macrophage chemotaxis,5/551,30/18860,0.16666666666666666,5.704779189352691,4.4738099397382,0.001626349286662948,0.03584560715116934,0.030553851096319983,MSTN/CMKLR1/RARRES2/IL34/CCL2,5
BP,GO:0040013,negative regulation of locomotion,24/551,424/18860,0.05660377358490566,1.9374721775160089,3.3869655821321043,0.0016483082235366267,0.03584560715116934,0.030553851096319983,DPYSL3/IGFBP5/IGFBP3/EMILIN1/TNFAIP6/SERPINE1/SHH/BMP5/ADAMTS9/FBLN1/SFRP1/DRD2/NEXMIF/CCN3/LDLRAD4/CD74/IL33/MAPK15/APOD/SEMA3F/CCL2/EPPK1/MCTP1/CLDN5,24
BP,GO:0009187,cyclic nucleotide metabolic process,6/551,44/18860,0.13636363636363635,4.667546609470384,4.225140402322467,0.0016627996315023465,0.03584560715116934,0.030553851096319983,EPHA2/PDE2A/ADCY2/PDE1A/NPR1/NPR3,6
BP,GO:0014808,release of sequestered calcium ion into cytosol by sarcoplasmic reticulum,6/551,44/18860,0.13636363636363635,4.667546609470384,4.225140402322467,0.0016627996315023465,0.03584560715116934,0.030553851096319983,JPH3/RYR3/ATP1A2/SLC8A1/CASQ1/RYR1,6
BP,GO:0030501,positive regulation of bone mineralization,6/551,44/18860,0.13636363636363635,4.667546609470384,4.225140402322467,0.0016627996315023465,0.03584560715116934,0.030553851096319983,WNT10B/FZD9/BMP2/BMPR1B/SLC8A1/ALOX5,6
BP,GO:0048713,regulation of oligodendrocyte differentiation,6/551,44/18860,0.13636363636363635,4.667546609470384,4.225140402322467,0.0016627996315023465,0.03584560715116934,0.030553851096319983,DLX1/DLX2/SHH/MYRF/IL34/TENM4,6
BP,GO:0051966,"regulation of synaptic transmission, glutamatergic",8/551,76/18860,0.10526315789473684,3.603018435380647,3.9445077858550586,0.0016635786070191955,0.03584560715116934,0.030553851096319983,HOMER1/GRIK1/DRD2/GRM2/NPY2R/ATP1A2/PLPPR4/CCL2,8
BP,GO:0072078,nephron tubule morphogenesis,8/551,76/18860,0.10526315789473684,3.603018435380647,3.9445077858550586,0.0016635786070191955,0.03584560715116934,0.030553851096319983,SHH/WNT1/EYA1/BMP2/FOXD1/WT1/HOXB7/GREB1L,8
BP,GO:0099003,vesicle-mediated transport in synapse,17/551,259/18860,0.06563706563706563,2.2466697965790523,3.5045801020435183,0.001665503244887896,0.03584560715116934,0.030553851096319983,NSG1/RIMS3/GRIK5/WNT7A/GRIP2/CPLX2/SYT12/SYT7/SYT4/SNPH/BSN/PACSIN1/CADPS2/SNCB/SLC17A8/RPH3A/SYT13,17
BP,GO:0030595,leukocyte chemotaxis,16/551,237/18860,0.06751054852320675,2.31079663366185,3.522795931389469,0.0016925960844670223,0.036248369610912566,0.030897155205252633,PDGFB/TNFAIP6/SERPINE1/GAS6/VAV3/MSTN/CCN3/CMKLR1/RARRES2/PIK3CD/CD74/CYP7B1/IL34/CCL2/SPI1/ALOX5,16
BP,GO:0043583,ear development,16/551,238/18860,0.06722689075630252,2.3010874041086486,3.504165481318358,0.0017670306668474147,0.03765603283143801,0.03209701024613168,RDH10/SHH/WNT1/KCNK3/EYA1/BMP5/MYO3B/PCDH15/BMP2/GABRA5/MYO7A/PLPPR4/ROR1/CEBPA/DLX5/SLC17A8,16
BP,GO:0043491,phosphatidylinositol 3-kinase/protein kinase B signal transduction,21/551,354/18860,0.059322033898305086,2.030514626718755,3.395489015141649,0.0017948160654807223,0.038060658329752965,0.03244190236005661,IGFBP5/EGFR/PDGFB/SMPD3/CHI3L1/GAS6/DRD2/VAV3/MSTN/GRM2/SFRP5/PIK3CD/PPP1R16B/IL33/RASD2/PRR5/AXL/PREX2/ANGPT1/C1QTNF1/CAVIN3,21
BP,GO:0045685,regulation of glial cell differentiation,8/551,77/18860,0.1038961038961039,3.5562259881679124,3.8991051431348938,0.0018100090092494133,0.03819560475128274,0.03255692713427829,CNTN2/DLX1/DLX2/SHH/BMP2/MYRF/IL34/TENM4,8
BP,GO:0051047,positive regulation of secretion,20/551,331/18860,0.06042296072507553,2.0681978934209155,3.401281216805239,0.0018426120315981334,0.0386948526635608,0.0329824729008087,SPP1/SYT7/CDK5R2/SYT4/SMPD3/NNAT/DRD2/KCNN4/BMP2/GIPR/NPR1/CADPS2/NPY2R/AQP1/ABCG1/PLA2G4A/RPH3A/GCK/C1QTNF1/IL4R,20
BP,GO:0042417,dopamine metabolic process,6/551,45/18860,0.13333333333333333,4.563823351482154,4.152150933900622,0.0018720424063805568,0.0389987132093252,0.033241475624076255,TH/DRD2/NPR1/DDC/GPR37/SNCB,6
BP,GO:0048562,embryonic organ morphogenesis,19/551,308/18860,0.06168831168831169,2.1115091804746977,3.4118966061624576,0.0018759740075820067,0.0389987132093252,0.033241475624076255,DLX2/EPHA2/TH/RDH10/SHH/WNT1/EYA1/MYO3B/FOLR1/HOXD10/HOXD9/DSCAML1/PAX5/MYO7A/HOXB7/FOXF1/GLI1/DLX5/SIX3,19
BP,GO:0042430,indole-containing compound metabolic process,5/551,31/18860,0.16129032258064516,5.520754054212283,4.369994767787109,0.0018931414179284077,0.0389987132093252,0.033241475624076255,NMNAT2/TH/QPRT/TPH1/DDC,5
BP,GO:0060037,pharyngeal system development,5/551,31/18860,0.16129032258064516,5.520754054212283,4.369994767787109,0.0018931414179284077,0.0389987132093252,0.033241475624076255,PLXNA2/EYA1/BMP5/FOLR1/RIPPLY3,5
BP,GO:0048168,regulation of neuronal synaptic plasticity,7/551,61/18860,0.11475409836065574,3.9278807533248044,3.9733218517402986,0.0019480766184255963,0.03959809818801802,0.03375237558766507,CNTN2/SYT4/JPH3/NEURL1/DRD2/RASGRF1/MCTP1,7
BP,GO:0009880,embryonic pattern specification,8/551,78/18860,0.10256410256410256,3.510633347293964,3.8544506853984175,0.0019664259602341946,0.03959809818801802,0.03375237558766507,WNT7A/SHH/WNT1/SMAD6/WT1/RIPPLY3/SEMA3F/HOXD8,8
BP,GO:0048663,neuron fate commitment,8/551,78/18860,0.10256410256410256,3.510633347293964,3.8544506853984175,0.0019664259602341946,0.03959809818801802,0.03375237558766507,DLX1/DLX2/SHH/WNT1/EYA1/ZNF521/HOXD10/PRDM12,8
BP,GO:0072088,nephron epithelium morphogenesis,8/551,78/18860,0.10256410256410256,3.510633347293964,3.8544506853984175,0.0019664259602341946,0.03959809818801802,0.03375237558766507,SHH/WNT1/EYA1/BMP2/FOXD1/WT1/HOXB7/GREB1L,8
BP,GO:0046068,cGMP metabolic process,4/551,19/18860,0.21052631578947367,7.206036870761294,4.695069165683006,0.0019692773833990653,0.03959809818801802,0.03375237558766507,PDE2A/PDE1A/NPR1/NPR3,4
BP,GO:0060070,canonical Wnt signaling pathway,20/551,333/18860,0.06006006006006006,2.0557762844514205,3.3720521746751144,0.001977158855435019,0.03959809818801802,0.03375237558766507,EGFR/WNT7A/SHH/WNT1/WNT10B/AMER2/WNT10A/FZD9/SFRP1/NKD1/FOLR1/IGFBP6/BMP2/FOXD1/NOTUM/SFRP5/GLI1/CDH3/DLX5/LRRK1,20
BP,GO:2000146,negative regulation of cell motility,23/551,406/18860,0.05665024630541872,1.9390628771691416,3.318296954430899,0.0020200890338220815,0.040271452351678914,0.03432632493562335,DPYSL3/IGFBP5/IGFBP3/EMILIN1/TNFAIP6/SERPINE1/SHH/BMP5/ADAMTS9/FBLN1/SFRP1/DRD2/NEXMIF/CCN3/LDLRAD4/CD74/IL33/MAPK15/APOD/CCL2/EPPK1/MCTP1/CLDN5,23
BP,GO:0071695,anatomical structure maturation,18/551,287/18860,0.0627177700348432,2.1467461757842883,3.3960184173168626,0.002040831679417173,0.040498338739260044,0.034519716914526113,CNTN2/HID1/CDK5R2/WNT1/SHB/WNT10B/PTPRN/C1QL1/BMP2/ACTL6B/RFLNA/ZNF664-RFLNA/CDH3/CEBPA/AXL/CNGB1/RYR1/SIX3,18
BP,GO:0051896,regulation of phosphatidylinositol 3-kinase/protein kinase B signal transduction,19/551,311/18860,0.06109324758842444,2.091140924714492,3.3659185780078547,0.0020931105499066758,0.04120774253814342,0.03512439402173308,IGFBP5/EGFR/PDGFB/SMPD3/CHI3L1/GAS6/DRD2/VAV3/MSTN/GRM2/SFRP5/PPP1R16B/IL33/RASD2/PRR5/AXL/ANGPT1/C1QTNF1/CAVIN3,19
BP,GO:1903514,release of sequestered calcium ion into cytosol by endoplasmic reticulum,6/551,46/18860,0.13043478260869565,4.464609800362976,4.081271560219843,0.002100621927196557,0.04120774253814342,0.03512439402173308,JPH3/RYR3/ATP1A2/SLC8A1/CASQ1/RYR1,6
BP,GO:0099504,synaptic vesicle cycle,15/551,220/18860,0.06818181818181818,2.333773304735192,3.4520193748661536,0.0021179934085844444,0.04120774253814342,0.03512439402173308,RIMS3/GRIK5/WNT7A/CPLX2/SYT12/SYT7/SYT4/SNPH/BSN/PACSIN1/CADPS2/SNCB/SLC17A8/RPH3A/SYT13,15
BP,GO:0002690,positive regulation of leukocyte chemotaxis,9/551,97/18860,0.09278350515463918,3.1758564559283027,3.727072030972599,0.0021242086421650445,0.04120774253814342,0.03512439402173308,SERPINE1/GAS6/MSTN/CMKLR1/RARRES2/CD74/IL34/CCL2/SPI1,9
BP,GO:0140029,exocytic process,9/551,97/18860,0.09278350515463918,3.1758564559283027,3.727072030972599,0.0021242086421650445,0.04120774253814342,0.03512439402173308,RIMS3/GRIK5/CPLX2/SYT7/SYT4/SNPH/CADPS2/RPH3A/SYT13,9
BP,GO:0043473,pigmentation,10/551,116/18860,0.08620689655172414,2.9507478565617378,3.655963174509165,0.0021354822859572663,0.04124150164754971,0.03515316939712549,TH/SPNS2/MREG/BACE2/SHROOM3/ADAMTS9/DRD2/MYO7A/RAB32/CDH3,10
BP,GO:0048706,embryonic skeletal system development,11/551,136/18860,0.08088235294117647,2.7684957830682184,3.5906823248643,0.0021766927002192637,0.041850544982882376,0.035672301889441316,DLX1/DLX2/RDH10/SHH/EYA1/HOXD10/HOXD9/DSCAML1/PAX5/HOXB7/DLX5,11
BP,GO:0098719,sodium ion import across plasma membrane,5/551,32/18860,0.15625,5.348230490018149,4.270593834162182,0.002190575786531843,0.04193110996697678,0.03574097335920376,HCN4/SLC9A2/SCNN1G/SLC8A1/SLC5A2,5
BP,GO:0014902,myotube differentiation,11/551,137/18860,0.08029197080291971,2.748287784651662,3.5627742552089896,0.002306065962943074,0.043850016769476176,0.03737659895940703,HOMER1/ADAM12/SHH/WNT1/WNT10B/CCN3/ADAMTS5/RYR1/MYMX/KEL/IL4R,11
BP,GO:0072028,nephron morphogenesis,8/551,80/18860,0.1,3.422867513611615,3.767295473044361,0.0023110965842442367,0.043850016769476176,0.03737659895940703,SHH/WNT1/EYA1/BMP2/FOXD1/WT1/HOXB7/GREB1L,8
BP,GO:0030509,BMP signaling pathway,13/551,179/18860,0.07262569832402235,2.485881434466536,3.4650813018646955,0.0023695545688104352,0.044601054947156375,0.03801676411414186,DLX1/SMAD9/TNFAIP6/WNT1/SMPD3/BMP5/SFRP1/BMP2/SMAD6/FOXD1/BMPR1B/GDF6/DLX5,13
BP,GO:0021537,telencephalon development,18/551,291/18860,0.061855670103092786,2.1172376372855353,3.33196638585465,0.002371299731355979,0.044601054947156375,0.03801676411414186,CNTN2/DLX1/DLX2/RTN4RL1/EGFR/SHH/CDK5R2/SLC1A2/DRD2/SLC8A3/BMP2/SCN5A/PAX5/ATP1A2/AQP1/EOMES/DLX5/SIX3,18
BP,GO:0072080,nephron tubule development,9/551,99/18860,0.09090909090909091,3.1116977396469228,3.654468122805389,0.002444659849995699,0.04578181173628309,0.039023210091296126,SHH/WNT1/EYA1/BMP2/FOXD1/WT1/HOXB7/AQP1/GREB1L,9
BP,GO:0061333,renal tubule morphogenesis,8/551,81/18860,0.09876543209876543,3.3806098899867805,3.724751719439812,0.002500312336058648,0.04651821929016155,0.039650904487781566,SHH/WNT1/EYA1/BMP2/FOXD1/WT1/HOXB7/GREB1L,8
BP,GO:0021700,developmental maturation,21/551,364/18860,0.057692307692307696,1.974731257852855,3.2576130350687267,0.002505488926169126,0.04651821929016155,0.039650904487781566,CNTN2/HID1/CDK5R2/WNT1/SHB/WNT10B/PTPRN/C1QL1/NEURL1/BMP2/NFATC4/RAB32/ACTL6B/RFLNA/ZNF664-RFLNA/CDH3/CEBPA/AXL/CNGB1/RYR1/SIX3,21
BP,GO:0051933,amino acid neurotransmitter reuptake,3/551,10/18860,0.3,10.268602540834845,5.0858248451436205,0.002552789229091937,0.04719387267116119,0.040226813628020955,ATP1A2/SLC6A11/SLC17A8,3
BP,GO:0002062,chondrocyte differentiation,10/551,119/18860,0.08403361344537816,2.8763592551358115,3.562016373445161,0.002578044333627092,0.04735652363698441,0.040365453025855036,WNT7A/SMPD3/WNT10B/COL27A1/BMP2/CCN3/RFLNA/ZNF664-RFLNA/BMPR1B/GDF6,10
BP,GO:0001558,regulation of cell growth,23/551,414/18860,0.05555555555555555,1.9015930631175642,3.217825191454258,0.002583481178531743,0.04735652363698441,0.040365453025855036,IGFBP5/IGFBPL1/FAM107A/CRYAB/L1CAM/IGFBP3/SPP1/EGFR/SYT4/SFRP1/RASGRP2/TNFRSF12A/CISH/CCN3/RASAL1/NPR1/WT1/FBP1/PAPPA2/PRR5/SEMA3F/KIAA0319/COL14A1,23
BP,GO:0006937,regulation of muscle contraction,13/551,181/18860,0.0718232044198895,2.4584131313232596,3.420155560429295,0.0026110174822625218,0.047524588382989195,0.04050870698727674,IRAG1/HCN4/JPH3/SLC8A3/SCN5A/ITGA2/NPY2R/ATP1A2/CACNG1/SLC8A1/CASQ1/MYL9/TNNT1,13
BP,GO:1905521,regulation of macrophage migration,6/551,48/18860,0.125,4.278584392014519,3.945411608389807,0.0026202472225926323,0.047524588382989195,0.04050870698727674,EMILIN1/MSTN/CMKLR1/RARRES2/IL34/CCL2,6
BP,GO:0001890,placenta development,12/551,160/18860,0.075,2.5671506352087112,3.4534466276365072,0.002636592975477903,0.047524588382989195,0.04050870698727674,SPP1/LDOC1/EGFR/PDGFB/STOX2/BMP5/LHX4/LLGL2/SOX15/CEBPA/EOMES/ABCB1,12
BP,GO:0072006,nephron development,12/551,160/18860,0.075,2.5671506352087112,3.4534466276365072,0.002636592975477903,0.047524588382989195,0.04050870698727674,PDGFB/SHH/WNT1/EYA1/BMP2/FOXD1/WT1/HOXB7/AQP1/GREB1L/COL4A3/ANGPT1,12
BP,GO:0030336,negative regulation of cell migration,22/551,391/18860,0.056265984654731455,1.9259101099604994,3.2095070319794976,0.002719247374168023,0.04881105452552227,0.04160525683210564,DPYSL3/IGFBP5/IGFBP3/EMILIN1/TNFAIP6/SERPINE1/SHH/BMP5/ADAMTS9/SFRP1/DRD2/NEXMIF/CCN3/LDLRAD4/CD74/IL33/MAPK15/APOD/CCL2/EPPK1/MCTP1/CLDN5,22
BP,GO:1901890,positive regulation of cell junction assembly,10/551,120/18860,0.08333333333333333,2.8523895946763456,3.5313517586905596,0.0027408822209325063,0.0489961011890662,0.04176298573260796,SLITRK3/RTN4RL1/EPHA2/AMIGO2/WNT7A/SFRP1/SLITRK1/FLRT1/CLSTN2/CLDN5,10
CC,GO:0031012,extracellular matrix,45/587,496/19944,0.0907258064516129,3.0825136011430456,8.178741502113194,2.2998291007550906e-11,5.203847817420217e-9,4.195711566117085e-9,IGFBPL1/COL4A5/L1CAM/COL5A1/ADAMTS3/EMILIN1/WNT7A/PDGFB/ALPL/SERPINE1/SHH/CHI3L1/COL4A6/ADAMTS9/COL27A1/FBLN1/SFRP1/COL20A1/MMP24/PODNL1/FLRT1/PRELP/FCGBP/COL12A1/LAMB3/CCN3/SERPINF2/RARRES2/ADAMTS14/ADAMTS2/ANGPTL1/CILP/ADAMTS5/ADAMTSL2/FIBCD1/COL4A3/OTOG/COL1A2/ANGPT1/SSC5D/MMP25/LAMC3/HAPLN2/TGM2/COL14A1,45
CC,GO:0030312,external encapsulating structure,45/587,497/19944,0.09054325955734406,3.0763113604968826,8.162809057203917,2.460448140624216e-11,5.203847817420217e-9,4.195711566117085e-9,IGFBPL1/COL4A5/L1CAM/COL5A1/ADAMTS3/EMILIN1/WNT7A/PDGFB/ALPL/SERPINE1/SHH/CHI3L1/COL4A6/ADAMTS9/COL27A1/FBLN1/SFRP1/COL20A1/MMP24/PODNL1/FLRT1/PRELP/FCGBP/COL12A1/LAMB3/CCN3/SERPINF2/RARRES2/ADAMTS14/ADAMTS2/ANGPTL1/CILP/ADAMTS5/ADAMTSL2/FIBCD1/COL4A3/OTOG/COL1A2/ANGPT1/SSC5D/MMP25/LAMC3/HAPLN2/TGM2/COL14A1,45
CC,GO:0097060,synaptic membrane,38/587,449/19944,0.08463251670378619,2.8754870751964425,6.99956251262551,5.988320693708081e-9,8.443532178128394e-7,6.807775104426029e-7,NRXN2/CNTN2/SLITRK3/NSG1/CTNNA2/KCNJ9/CRYAB/GABRQ/RIMS3/PDE2A/GRIK5/GPR179/SYT7/CADM3/CLMP/GRIK1/SLITRK1/SLC1A2/SHANK2/ELFN2/DRD2/SLC16A7/SLC8A3/MAGEE1/ANK3/NSG2/GRM2/GABRA5/CADPS2/PLPPR4/CNTN1/SLC6A11/SLC6A7/IQSEC3/RPH3A/SORCS2/CHRND/CLSTN2,38
CC,GO:0043025,neuronal cell body,38/587,486/19944,0.07818930041152264,2.6565713925168786,6.4383482290131875,4.974180190223878e-8,5.260195551161751e-6,4.241143109559306e-6,CNTN2/UBB/RTN4RL1/CRYAB/KIF5A/L1CAM/PSD2/TH/UNC5A/RGS8/KCNN2/CPLX2/SYNPO/ATP1A3/SYT4/PTPRN/NRSN1/NEURL1/FLRT1/SHANK2/DRD2/KCNN4/PLXDC1/SLC8A3/PDE1A/RIC3/GABRA5/ATP1A2/GFRA1/APOD/BMPR1B/SNCB/SLC8A1/SLC17A8/MBP/SORCS2/TMPRSS3/CACNA1A,38
CC,GO:0045211,postsynaptic membrane,29/587,320/19944,0.090625,3.0790885860306645,6.529042355278844,9.085109390949137e-8,7.68600254474297e-6,6.197000931931624e-6,CNTN2/SLITRK3/NSG1/CTNNA2/GABRQ/GRIK5/GPR179/CLMP/GRIK1/SLITRK1/SHANK2/ELFN2/DRD2/SLC16A7/SLC8A3/MAGEE1/ANK3/NSG2/GRM2/GABRA5/CADPS2/PLPPR4/CNTN1/SLC6A11/IQSEC3/RPH3A/SORCS2/CHRND/CLSTN2,29
CC,GO:0098644,complex of collagen trimers,8/587,27/19944,0.2962962962962963,10.067007382169221,8.209735398472803,7.270073069926089e-7,5.1254015142978926e-5,4.1324625871158827e-5,COL4A5/COL5A1/COL4A6/COL27A1/COL12A1/COL4A3/COL1A2/COL14A1,8
CC,GO:0044306,neuron projection terminus,15/587,131/19944,0.11450381679389313,3.890398845208525,5.779810149837797,7.398044159366659e-6,4.194500344323075e-4,3.381903973026444e-4,TSPOAP1/CPLX2/PTPRN/FLRT1/SLC1A2/DRD2/SLC8A3/BSN/PACSIN1/ITGA2/ROR1/CNGB1/SNCB/SLC8A1/SLC17A8,15
CC,GO:0005581,collagen trimer,12/587,86/19944,0.13953488372093023,4.740858127649459,6.0540775604198815,7.932861171296596e-6,4.194500344323075e-4,3.381903973026444e-4,COL4A5/COL5A1/EMILIN1/COL4A6/C1QL1/COL27A1/COL20A1/COL12A1/COL4A3/COL1A2/C1QTNF1/COL14A1,12
CC,GO:0098984,neuron to neuron synapse,28/587,403/19944,0.06947890818858561,2.360625800533478,4.805218083971025,2.6303024055889857e-5,0.0012362421306268234,9.967461747495104e-4,HOMER1/INSYN2A/SLITRK3/CTNNA2/GRIK5/SYT12/SYT7/SYNPO/ATP1A3/ANKS1B/GRIK1/C1QL1/SRCIN1/SLITRK1/NEURL1/SHANK2/ELFN2/SLC16A7/SLC8A3/GNG3/BSN/NSG2/DLGAP3/PLPPR4/SLC8A1/IQSEC3/SORCS2/CLSTN2,28
CC,GO:0030018,Z disc,14/587,134/19944,0.1044776119402985,3.549747006026087,5.157064012193457,4.186513532502921e-5,0.0017708952242487354,0.0014278214574009963,HOMER1/CRYAB/KCNN2/SYNPO/RYR3/ANK3/SCN5A/FLNC/SYNPO2L/SLC8A1/CASQ1/RYR1/MYL9/CACNA1D,14
CC,GO:0042734,presynaptic membrane,16/587,179/19944,0.0893854748603352,3.0369742940622237,4.767151178779346,8.217115286598479e-5,0.0030236375388322185,0.0024378712519139947,NRXN2/CTNNA2/KCNJ9/RIMS3/PDE2A/GRIK5/SYT7/CADM3/GRIK1/SLC1A2/DRD2/GRM2/GABRA5/CADPS2/CNTN1/SLC6A11,16
CC,GO:0099572,postsynaptic specialization,26/587,387/19944,0.06718346253229975,2.282635394794184,4.437137173838302,8.814540484983228e-5,0.0030236375388322185,0.0024378712519139947,HOMER1/INSYN2A/SLITRK3/CTNNA2/GRIK5/SYNPO/ANKS1B/GRIK1/SRCIN1/SLITRK1/NEURL1/SHANK2/ELFN2/SLC16A7/SLC8A3/GNG3/BSN/NSG2/DLGAP3/GABRA5/PLPPR4/SLC8A1/IQSEC3/SORCS2/CHRND/CLSTN2,26
CC,GO:0032279,asymmetric synapse,25/587,367/19944,0.0681198910081744,2.314451629075009,4.425882102551423,9.637363011192646e-5,0.0030236375388322185,0.0024378712519139947,HOMER1/INSYN2A/SLITRK3/CTNNA2/GRIK5/SYNPO/ANKS1B/GRIK1/C1QL1/SRCIN1/SLITRK1/NEURL1/SHANK2/ELFN2/SLC16A7/SLC8A3/GNG3/BSN/NSG2/DLGAP3/PLPPR4/SLC8A1/IQSEC3/SORCS2/CLSTN2,25
CC,GO:0034702,monoatomic ion channel complex,25/587,368/19944,0.06793478260869565,2.3081623583438264,4.410815070603522,1.0060675588728104e-4,0.0030236375388322185,0.0024378712519139947,KCNJ9/GABRQ/KCNF1/GRIK5/HCN4/SCN3A/KCNJ16/GRIK1/RYR3/KCNK12/KCNN4/SCN5A/GABRA5/KCNK13/CACNG1/KCNG2/SCNN1G/CNGB1/SLC17A8/RYR1/CACNA1A/CHRND/CACNA1D/CLCNKB/CATSPERG,25
CC,GO:0030017,sarcomere,18/587,222/19944,0.08108108108108109,2.754822966066578,4.578567168625162,1.0722118932029144e-4,0.0030236375388322185,0.0024378712519139947,HOMER1/CRYAB/KCNN2/SYNPO/RYR3/ANK3/SCN5A/KLHL41/CA3/FLNC/SYNPO2L/SLC8A1/CASQ1/RYR1/MYL9/TNNT1/LMOD2/CACNA1D,18
CC,GO:0014069,postsynaptic density,24/587,351/19944,0.06837606837606838,2.3231555497313594,4.355211616662724,1.2481892832798532e-4,0.003299900417671112,0.0026606139985702135,HOMER1/INSYN2A/SLITRK3/CTNNA2/GRIK5/SYNPO/ANKS1B/GRIK1/SRCIN1/SLITRK1/NEURL1/SHANK2/ELFN2/SLC16A7/SLC8A3/GNG3/BSN/NSG2/DLGAP3/PLPPR4/SLC8A1/IQSEC3/SORCS2/CLSTN2,24
CC,GO:0043679,axon terminus,12/587,114/19944,0.10526315789473684,3.576436833139066,4.8040314076351684,1.3590012503178584e-4,0.003356877496105783,0.0027065529643854024,TSPOAP1/CPLX2/PTPRN/DRD2/SLC8A3/PACSIN1/ITGA2/ROR1/CNGB1/SNCB/SLC8A1/SLC17A8,12
CC,GO:0031674,I band,14/587,150/19944,0.09333333333333334,3.171107325383305,4.647885379329266,1.4284585089811844e-4,0.003356877496105783,0.0027065529643854024,HOMER1/CRYAB/KCNN2/SYNPO/RYR3/ANK3/SCN5A/FLNC/SYNPO2L/SLC8A1/CASQ1/RYR1/MYL9/CACNA1D,14
CC,GO:0016528,sarcoplasm,11/587,99/19944,0.1111111111111111,3.775127768313458,4.820258165091915,1.582841843722906e-4,0.003523905788919943,0.002841223032499842,IRAG1/RASD1/SCN3A/JPH3/RYR3/SLC8A3/ANK3/KLHL41/FLNC/CASQ1/RYR1,11
CC,GO:0031253,cell projection membrane,24/587,361/19944,0.0664819944598338,2.2588022104036205,4.203071287563283,1.9068185774224987e-4,0.004032921291248584,0.00325162746886784,MTTP/FAM107A/EPHA2/PSD2/UNC5A/EGFR/GPR88/EPS8L2/FZD9/FOLR1/SLC1A2/SHANK2/RASGRP2/DRD2/KCNN4/PACSIN1/JCAD/GABRA5/PTPRH/PRCD/AQP1/CNGB1/LCP1/ABCB1,24
CC,GO:0005788,endoplasmic reticulum lumen,22/587,319/19944,0.06896551724137931,2.343182752746284,4.211345626882622,2.0914838919464123e-4,0.0042128461252063445,0.0033966956440633464,MTTP/IGFBP5/COL4A5/IGFBP3/SPP1/COL5A1/WNT7A/PDGFB/SHH/WNT1/COL4A6/COL27A1/COL20A1/GAS6/COL12A1/NOTUM/ADAMTS5/COL4A3/CES3/CASQ1/COL1A2/COL14A1,22
CC,GO:0042383,sarcolemma,13/587,139/19944,0.09352517985611511,3.1776255316019757,4.486404698319246,2.3963941340864658e-4,0.004607612357811704,0.0037149842078661004,RYR3/SLC8A3/ANK3/SCN5A/FLNC/ATP1A2/CACNG1/AQP1/SGCG/SLC8A1/CASQ1/RYR1/CACNA1D,13
CC,GO:0150034,distal axon,20/587,280/19944,0.07142857142857142,2.4268678510586517,4.187184581027269,2.5379312652741126e-4,0.004667586631351955,0.0037633397251661906,DPYSL3/STMN4/L1CAM/TSPOAP1/CPLX2/CDK5R2/PTPRN/KIF21B/NRSN1/SHANK2/DRD2/SLC8A3/PACSIN1/ITGA2/RASGRF1/ROR1/CNGB1/SNCB/SLC8A1/SLC17A8,20
CC,GO:0034703,cation channel complex,18/587,240/19944,0.075,2.5482112436115845,4.201979301438831,2.8294790004795964e-4,0.004986956738345288,0.0040208385796289,KCNJ9/KCNF1/GRIK5/HCN4/SCN3A/KCNJ16/GRIK1/RYR3/KCNN4/SCN5A/CACNG1/KCNG2/SCNN1G/CNGB1/RYR1/CACNA1A/CACNA1D/CATSPERG,18
CC,GO:0030016,myofibril,18/587,243/19944,0.07407407407407407,2.5167518455423052,4.142559963758579,3.289789101762739e-4,0.0055663231601825545,0.004487964921983694,HOMER1/CRYAB/KCNN2/SYNPO/RYR3/ANK3/SCN5A/KLHL41/CA3/FLNC/SYNPO2L/SLC8A1/CASQ1/RYR1/MYL9/TNNT1/LMOD2/CACNA1D,18
CC,GO:0043292,contractile muscle fiber,18/587,253/19944,0.07114624505928854,2.4172754880109895,3.9507169959456494,5.325725781005696e-4,0.008664546174482344,0.0069859722795378365,HOMER1/CRYAB/KCNN2/SYNPO/RYR3/ANK3/SCN5A/KLHL41/CA3/FLNC/SYNPO2L/SLC8A1/CASQ1/RYR1/MYL9/TNNT1/LMOD2/CACNA1D,18
CC,GO:0034706,sodium channel complex,5/587,24/19944,0.20833333333333334,7.0783645655877345,5.188513708196844,5.800203844538647e-4,0.009086986023110546,0.007326573277311976,GRIK5/SCN3A/GRIK1/SCN5A/SCNN1G,5
CC,GO:0043204,perikaryon,13/587,153/19944,0.08496732026143791,2.886862411063233,4.079879619599756,6.069310819361836e-4,0.009168994559250203,0.007392694381478328,RTN4RL1/CRYAB/KIF5A/TH/RGS8/CPLX2/SYNPO/PTPRN/NEURL1/DRD2/SLC8A3/SLC17A8/SORCS2,13
CC,GO:0030315,T-tubule,7/587,51/19944,0.13725490196078433,4.663393125563684,4.56156369076386,6.947326595829677e-4,0.010133514310468805,0.008170358682572834,ANK3/SCN5A/ATP1A2/CACNG1/SLC8A1/CASQ1/CACNA1D,7
CC,GO:0032587,ruffle membrane,10/587,100/19944,0.1,3.3976149914821128,4.185622978023985,7.270499163322153e-4,0.010251403820284236,0.008265409575145186,FAM107A/EPHA2/PSD2/EGFR/EPS8L2/RASGRP2/KCNN4/PACSIN1/JCAD/LCP1,10
CC,GO:0032809,neuronal cell body membrane,5/587,28/19944,0.17857142857142858,6.06716962764663,4.672385526781373,0.0012171046632758235,0.016607589437602363,0.013390217687652523,UNC5A/RGS8/ATP1A3/FLRT1/GABRA5,5
CC,GO:0001726,ruffle,14/587,189/19944,0.07407407407407407,2.5167518455423052,3.648397818311632,0.0014626370801316024,0.01933423390298962,0.015588632038244711,FAM107A/EPHA2/PSD2/FGD3/EGFR/EPS8L2/RASGRP2/CARMIL2/TNFRSF12A/KCNN4/PACSIN1/KLHL41/JCAD/LCP1,14
CC,GO:0099634,postsynaptic specialization membrane,12/587,150/19944,0.08,2.71809199318569,3.6780745760970714,0.0016357890913172837,0.020967841988703363,0.01690576285763317,SLITRK3/GRIK5/GRIK1/SLITRK1/ELFN2/SLC16A7/NSG2/GABRA5/PLPPR4/SORCS2/CHRND/CLSTN2,12
CC,GO:0044298,cell body membrane,5/587,31/19944,0.16129032258064516,5.480024179809859,4.346984866666495,0.001956846819754412,0.023805669965343015,0.019193821248652827,UNC5A/RGS8/ATP1A3/FLRT1/GABRA5,5
CC,GO:0030133,transport vesicle,25/587,451/19944,0.05543237250554324,1.8833785983825457,3.3043882801698183,0.001970398296602448,0.023805669965343015,0.019193821248652827,DPYSL3/PCSK2/PCSK1/MAP6/NMNAT2/FGFRL1/TH/SYT12/SYT7/SYT4/PTPRN/NRSN1/RAB3C/FOLR1/DRD2/BSN/LGI3/CD74/IL33/LAPTM5/SLC17A8/RPH3A/SVOP/SYT13/MCTP1,25
CC,GO:0016529,sarcoplasmic reticulum,8/587,78/19944,0.10256410256410256,3.484733324597038,3.828839314885492,0.002062184606950969,0.023805669965343015,0.019193821248652827,IRAG1/RASD1/JPH3/RYR3/ANK3/KLHL41/CASQ1/RYR1,8
CC,GO:0032432,actin filament bundle,9/587,96/19944,0.09375,3.1852640545144806,3.7374589660003137,0.0020822926447226753,0.023805669965343015,0.019193821248652827,FAM107A/CRYAB/SYNPO/TRIP6/RFLNA/ZNF664-RFLNA/ROR1/LCP1/MYL9,9
CC,GO:0098839,postsynaptic density membrane,10/587,121/19944,0.08264462809917356,2.807946273952159,3.4736718199349133,0.0030756154686907076,0.03423645640147814,0.027603861824260095,SLITRK3/GRIK5/GRIK1/SLITRK1/ELFN2/SLC16A7/NSG2/PLPPR4/SORCS2/CLSTN2,10
CC,GO:0031256,leading edge membrane,13/587,185/19944,0.07027027027027027,2.3875132372577004,3.3016861573427176,0.0033679048959691558,0.03504444072343361,0.028255316148793057,FAM107A/EPHA2/PSD2/UNC5A/EGFR/EPS8L2/SLC1A2/RASGRP2/KCNN4/PACSIN1/JCAD/GABRA5/LCP1,13
CC,GO:0060076,excitatory synapse,7/587,67/19944,0.1044776119402985,3.549747006026087,3.6404439028417244,0.0034860722285825632,0.03504444072343361,0.028255316148793057,CTNNA2/KCNJ9/C1QL1/SLC16A7/BSN/CADPS2/SLC17A8,7
CC,GO:0005583,fibrillar collagen trimer,3/587,11/19944,0.2727272727272727,9.266222704042125,4.775428874554979,0.003507858968411717,0.03504444072343361,0.028255316148793057,COL5A1/COL27A1/COL1A2,3
CC,GO:0098643,fibrillar collagen,3/587,11/19944,0.2727272727272727,9.266222704042125,4.775428874554979,0.003507858968411717,0.03504444072343361,0.028255316148793057,COL5A1/COL27A1/COL1A2,3
CC,GO:0097449,astrocyte projection,4/587,22/19944,0.18181818181818182,6.17748180269475,4.231152941983791,0.0035624372366611,0.03504444072343361,0.028255316148793057,SYT4/SLC1A2/GRM2/SLC17A8,4
CC,GO:0033162,melanosome membrane,4/587,23/19944,0.17391304347826086,5.908895637360195,4.101922206272242,0.004213375099794246,0.03874473189593404,0.031238753600305164,TH/MREG/BACE2/RAB32,4
CC,GO:0045009,chitosome,4/587,23/19944,0.17391304347826086,5.908895637360195,4.101922206272242,0.004213375099794246,0.03874473189593404,0.031238753600305164,TH/MREG/BACE2/RAB32,4
CC,GO:0090741,pigment granule membrane,4/587,23/19944,0.17391304347826086,5.908895637360195,4.101922206272242,0.004213375099794246,0.03874473189593404,0.031238753600305164,TH/MREG/BACE2/RAB32,4
CC,GO:0043197,dendritic spine,12/587,171/19944,0.07017543859649122,2.3842912220927106,3.1658075263397305,0.004801373536815072,0.04249409006557561,0.03426175234850442,HOMER1/CRYAB/KCNN2/SYNPO/ANKS1B/NEURL1/SHANK2/DRD2/SLC8A3/ATP1A2/RPH3A/SORCS2,12
CC,GO:0044304,main axon,7/587,71/19944,0.09859154929577464,3.349761259207716,3.453953349964752,0.004822024404604325,0.04249409006557561,0.03426175234850442,CNTN2/SLC1A2/ANK3/LGI3/MBP/HAPLN2/CLDN5,7
CC,GO:0098688,parallel fiber to Purkinje cell synapse,4/587,24/19944,0.16666666666666666,5.662691652470188,3.9800902520557067,0.004940046042862322,0.042535645870395745,0.03429525758867294,CTNNA2/KCNJ9/SLC16A7/CADPS2,4
CC,GO:0044309,neuron spine,12/587,172/19944,0.06976744186046512,2.3704290638247296,3.1433356151276683,0.005027854121796187,0.042535645870395745,0.03429525758867294,HOMER1/CRYAB/KCNN2/SYNPO/ANKS1B/NEURL1/SHANK2/DRD2/SLC8A3/ATP1A2/RPH3A/SORCS2,12
MF,GO:0046873,metal ion transmembrane transporter activity,36/565,446/18662,0.08071748878923767,2.666105797849121,6.292625464011794,9.947820063449953e-8,7.013213144732217e-5,6.199062607960391e-5,KCNJ9/KCNF1/TSPOAP1/GRIK5/HCN4/KCNN2/SCN3A/ATP1A3/KCNJ16/KCNK3/GRIK1/TRPM3/RYR3/SLC9A2/SLC1A2/KCNK12/KCNN4/SLC8A3/SCN5A/KCNK13/ATP1A2/CACNG1/KCNG2/AQP1/KCNT1/SCNN1G/CNGB1/SLC8A1/SLC6A11/SLC17A8/SLC6A7/RYR1/CACNA1A/CACNA1D/SLC39A4/SLC5A2,36
MF,GO:0022836,gated channel activity,27/565,315/18662,0.08571428571428572,2.8311504424778757,5.79142131006901,1.2824508700547705e-6,4.520639316943066e-4,3.9958469214338116e-4,KCNJ9/GABRQ/KCNF1/TSPOAP1/TMEM63C/GRIK5/HCN4/KCNN2/KCNJ16/KCNK3/GRIK1/RYR3/KCNK12/KCNN4/GABRA5/KCNK13/CACNG1/KCNG2/AQP1/KCNT1/SCNN1G/CNGB1/RYR1/CACNA1A/CHRND/CACNA1D/CLCNKB,27
MF,GO:0015081,sodium ion transmembrane transporter activity,18/565,165/18662,0.10909090909090909,3.6032823813354784,5.934730335650258,2.759408539118997e-6,6.484610066929643e-4,5.731824053187532e-4,GRIK5/HCN4/SCN3A/ATP1A3/KCNK3/GRIK1/SLC9A2/SLC1A2/SLC8A3/SCN5A/ATP1A2/SCNN1G/CNGB1/SLC8A1/SLC6A11/SLC17A8/SLC6A7/SLC5A2,18
MF,GO:0005261,monoatomic cation channel activity,27/565,336/18662,0.08035714285714286,2.654203539823009,5.406461697781357,4.358081194866888e-6,7.681118105952891e-4,6.789431756213679e-4,KCNJ9/KCNF1/TSPOAP1/TMEM63C/GRIK5/HCN4/KCNN2/SCN3A/KCNJ16/KCNK3/GRIK1/TRPM3/RYR3/KCNK12/KCNN4/SCN5A/KCNK13/CACNG1/KCNG2/AQP1/KCNT1/SCNN1G/CNGB1/RYR1/CACNA1A/CHRND/CACNA1D,27
MF,GO:0015079,potassium ion transmembrane transporter activity,17/565,160/18662,0.10625,3.509446902654867,5.632705575865389,7.4262902095639654e-6,0.001047106919548519,9.255502745393407e-4,KCNJ9/KCNF1/GRIK5/HCN4/KCNN2/ATP1A3/KCNJ16/KCNK3/GRIK1/SLC9A2/KCNK12/KCNN4/KCNK13/ATP1A2/KCNG2/AQP1/KCNT1,17
MF,GO:0005216,monoatomic ion channel activity,31/565,442/18662,0.07013574660633484,2.316589917110479,4.94966561555405,1.392943746968078e-5,0.0016367089026874916,0.0014467064880791267,KCNJ9/GABRQ/KCNF1/TSPOAP1/TMEM63C/GRIK5/HCN4/KCNN2/SCN3A/KCNJ16/KCNK3/GRIK1/TRPM3/RYR3/KCNK12/KCNN4/SCN5A/GABRA5/KCNK13/CACNG1/KCNG2/AQP1/KCNT1/SCNN1G/CNGB1/SLC17A8/RYR1/CACNA1A/CHRND/CACNA1D/CLCNKB,31
MF,GO:0099094,ligand-gated monoatomic cation channel activity,15/565,137/18662,0.10948905109489052,3.616433046960791,5.430992315212084,1.7690459323527555e-5,0.0017816819747267037,0.0015748499127110245,KCNJ9/TMEM63C/GRIK5/HCN4/KCNN2/KCNJ16/GRIK1/RYR3/KCNN4/AQP1/KCNT1/SCNN1G/CNGB1/RYR1/CHRND,15
MF,GO:0005267,potassium channel activity,14/565,124/18662,0.11290322580645161,3.729203539823009,5.387703864925391,2.3678944880205944e-5,0.0018990487092035006,0.0016785917668510227,KCNJ9/KCNF1/GRIK5/HCN4/KCNN2/KCNJ16/KCNK3/GRIK1/KCNK12/KCNN4/KCNK13/KCNG2/AQP1/KCNT1,14
MF,GO:0005201,extracellular matrix structural constituent,17/565,175/18662,0.09714285714285714,3.2086371681415926,5.186788834991912,2.424317501110852e-5,0.0018990487092035006,0.0016785917668510227,COL4A5/COL5A1/EMILIN1/CHI3L1/COL4A6/COL27A1/FBLN1/PODNL1/PRELP/FCGBP/COL12A1/LAMB3/CILP/COL4A3/OTOG/COL1A2/COL14A1,17
MF,GO:0022843,voltage-gated monoatomic cation channel activity,15/565,142/18662,0.1056338028169014,3.4890938551663964,5.260818767553104,2.7141493216246327e-5,0.001913475271745366,0.0016913435772650343,KCNJ9/KCNF1/TSPOAP1/HCN4/KCNN2/KCNJ16/KCNK3/KCNK12/KCNK13/CACNG1/KCNG2/KCNT1/RYR1/CACNA1A/CACNA1D,15
MF,GO:0030020,extracellular matrix structural constituent conferring tensile strength,8/565,42/18662,0.19047619047619047,6.291445427728613,6.065931692815061,3.1959198298680946e-5,0.002048294072779097,0.001810511520843935,COL4A5/COL5A1/COL4A6/COL27A1/COL12A1/COL4A3/COL1A2/COL14A1,8
MF,GO:0015276,ligand-gated monoatomic ion channel activity,17/565,186/18662,0.0913978494623656,3.0188790560471976,4.889350654745695,5.2827820731487866e-5,0.003103634467974912,0.00274333946254744,KCNJ9/GABRQ/TMEM63C/GRIK5/HCN4/KCNN2/KCNJ16/GRIK1/RYR3/KCNN4/GABRA5/AQP1/KCNT1/SCNN1G/CNGB1/RYR1/CHRND,17
MF,GO:0022834,ligand-gated channel activity,17/565,188/18662,0.09042553191489362,2.986763321408398,4.837633642301623,6.042805752105759e-5,0.0032770600424881233,0.002896632392912234,KCNJ9/GABRQ/TMEM63C/GRIK5/HCN4/KCNN2/KCNJ16/GRIK1/RYR3/KCNN4/GABRA5/AQP1/KCNT1/SCNN1G/CNGB1/RYR1/CHRND,17
MF,GO:0005244,voltage-gated monoatomic ion channel activity,16/565,171/18662,0.0935672514619883,3.0905345960772133,4.8524783019106925,6.578306316314337e-5,0.0033126471092868623,0.0029280882250060807,KCNJ9/KCNF1/TSPOAP1/HCN4/KCNN2/KCNJ16/KCNK3/KCNK12/KCNK13/CACNG1/KCNG2/KCNT1/RYR1/CACNA1A/CACNA1D/CLCNKB,16
MF,GO:0022832,voltage-gated channel activity,16/565,173/18662,0.09248554913294797,3.0548058724231417,4.797616458594538,7.56053160835231e-5,0.003553449855925586,0.003140936640101451,KCNJ9/KCNF1/TSPOAP1/HCN4/KCNN2/KCNJ16/KCNK3/KCNK12/KCNK13/CACNG1/KCNG2/KCNT1/RYR1/CACNA1A/CACNA1D/CLCNKB,16
MF,GO:0042562,hormone binding,11/565,95/18662,0.11578947368421053,3.824536562645552,4.876705413216805,1.3911819496744668e-4,0.006129895465753119,0.005418287593468976,EGFR/ATP1A3/GLP1R/CMKLR1/GIPR/NPR1/NPR3/ATP1A2/MC5R/VIPR1/HCRTR1,11
MF,GO:0005272,sodium channel activity,8/565,52/18662,0.15384615384615385,5.0815520762423425,5.207655111610215,1.5623601756669652e-4,0.00647919955203065,0.005727041634642994,GRIK5/HCN4/SCN3A/KCNK3/GRIK1/SCN5A/SCNN1G/CNGB1,8
MF,GO:0001968,fibronectin binding,6/565,30/18662,0.2,6.6060176991150446,5.429673827113104,2.3955504757540295e-4,0.009382572696703282,0.008293367728926231,IGFBP5/IGFBP3/TNFAIP6/FBLN1/IGFBP6/SSC5D,6
MF,GO:0140784,metal ion sensor activity,5/565,22/18662,0.22727272727272727,7.506838294448913,5.3956874830544965,4.2908716570403034e-4,0.015921392201123232,0.014073108149406426,SYT12/SYT7/SYT4/SYT13/SLC39A4,5
MF,GO:0004222,metalloendopeptidase activity,11/565,109/18662,0.10091743119266056,3.3333116830397014,4.316853590065915,4.6755952529025594e-4,0.01648147326648152,0.014568170472201658,ADAM12/ECEL1/ADAMTS3/ADAMTS9/MMP24/ADAMTS14/ADAMTS2/ADAMTS5/PAPPA2/MMP25/KEL,11
MF,GO:0031681,G-protein beta-subunit binding,5/565,23/18662,0.21739130434782608,7.180454020777222,5.240363111525838,5.347316754306219e-4,0.017846293191121982,0.01577455105508654,RASD1/GNG11/GNG3/RASD2/GNG8,5
MF,GO:0005516,calmodulin binding,16/565,206/18662,0.07766990291262135,2.565443766646619,3.9920013384729907,5.569056031272107e-4,0.017846293191121982,0.01577455105508654,RGS16/MAP6/KCNN2/SYT7/NOS2/TRPM3/RYR3/KCNN4/SLC8A3/PDE1A/SCN5A/MYO7A/SLC8A1/SPATA17/RYR1/MBP,16
MF,GO:0003774,cytoskeletal motor activity,11/565,114/18662,0.09649122807017543,3.187113802204627,4.138697174043113,6.848123747315092e-4,0.02011782921971028,0.017782388798907783,KIF5A/GPR88/KIF21B/MYO3B/DNAH2/MYO7A/DYNC1I1/KIF19/MYO1H/KIF9/DNAH17,11
MF,GO:0042578,phosphoric ester hydrolase activity,23/565,361/18662,0.06371191135734072,2.104410070355208,3.743992202811344,6.848622713092862e-4,0.02011782921971028,0.017782388798907783,HTT/PTP4A3/PDE2A/ALPL/DUSP26/SMPD3/EYA1/PDE1A/CA3/PTPRH/PPM1H/NOTUM/ATP1A2/MTMR7/PLPPR4/PLCH2/THNSL2/FBP1/TNS3/MPPED2/NT5C1A/PLPPR1/DUSP9,23
MF,GO:0005249,voltage-gated potassium channel activity,10/565,98/18662,0.10204081632653061,3.370417193426043,4.157099636298762,7.678049875227071e-4,0.02165210064814034,0.0191385495837239,KCNJ9/KCNF1/HCN4/KCNN2/KCNJ16/KCNK3/KCNK12/KCNK13/KCNG2/KCNT1,10
MF,GO:0019838,growth factor binding,12/565,136/18662,0.08823529411764706,2.91441957313899,3.959169884613423,8.868653181120107e-4,0.0240476942026526,0.0212560432519154,IGFBP5/IGFBPL1/IGFBP3/EPHA2/FGFRL1/COL5A1/EGFR/PDGFB/IGFBP6/SCN5A/COL1A2/LRG1,12
MF,GO:0017046,peptide hormone binding,7/565,52/18662,0.1346153846153846,4.446358066712049,4.397210636370298,9.220452715469265e-4,0.024075626534836414,0.021280732972934913,GLP1R/CMKLR1/GIPR/NPR1/NPR3/VIPR1/HCRTR1,7
MF,GO:0005544,calcium-dependent phospholipid binding,7/565,54/18662,0.12962962962962962,4.281678138315306,4.267086063276866,0.0011587377937529264,0.028223750224243123,0.02494730889548627,SYT12/SYT7/SYT4/CPNE4/PLA2G4A/RPH3A/SYT13,7
MF,GO:0030507,spectrin binding,5/565,27/18662,0.18518518518518517,6.116683054736152,4.701041518255811,0.001160976959578795,0.028223750224243123,0.02494730889548627,PTPRN/GBP1/ANK3/MYO7A/DYNC1I1,5
MF,GO:0005217,intracellularly ligand-gated monoatomic ion channel activity,5/565,29/18662,0.1724137931034483,5.694842844064694,4.470612759741474,0.0016248170463701325,0.03818320058969812,0.03375058566495153,HCN4/RYR3/AQP1/CNGB1/RYR1,5
MF,GO:0005520,insulin-like growth factor binding,4/565,19/18662,0.21052631578947367,6.95370284117373,4.587693996655633,0.0022427524950259497,0.04941064090604046,0.04367465385050534,IGFBP5/IGFBPL1/IGFBP3/IGFBP6,4
MF,GO:0030506,ankyrin binding,4/565,19/18662,0.21052631578947367,6.95370284117373,4.587693996655633,0.0022427524950259497,0.04941064090604046,0.04367465385050534,SCN5A/FLNC/SLC8A1/CACNA1D,4
