category,subcategory,ID,Description,GeneRatio,BgRatio,pvalue,p.adjust,qvalue,geneID,Count
Organismal Systems,Digestive system,hsa04974,Protein digestion and absorption,12/226,103/9422,6.041669682168439e-6,0.0015616167335569633,0.0012691157664356126,COL4A5/COL5A1/COL20A1/ATP1A3/COL27A1/COL4A6/SLC8A3/KCNN4/COL12A1/ATP1A2/COL4A3/COL14A1,12
Human Diseases,Cancer: specific types,hsa05217,Basal cell carcinoma,9/226,63/9422,1.719797697334724e-5,0.0015616167335569633,0.0012691157664356126,WNT7A/GADD45G/WNT1/FZD9/SHH/WNT10B/WNT10A/BMP2/WNT4,9
Organismal Systems,Nervous system,hsa04724,Glutamatergic synapse,12/226,116/9422,2.0652916308099124e-5,0.0015616167335569633,0.0012691157664356126,HOMER1/GRIK5/GRIK1/SLC1A2/GNG11/ADCY2/SHANK2/GNG3/GRM2/SLC17A8/CACNA1A/PLA2G4A,12
Environmental Information Processing,Signal transduction,hsa04390,Hippo signaling pathway,14/226,157/9422,2.339166391109459e-5,0.0015616167335569633,0.0012691157664356126,CTNNA2/WNT7A/NKD1/WNT1/FZD9/SERPINE1/LLGL2/WNT10B/BMP5/WNT10A/BMP2/GDF6/WNT4/BMPR1B,14
Cellular Processes,Cellular community - eukaryotes,hsa04510,Focal adhesion,16/226,203/9422,2.8706189955091237e-5,0.0015616167335569633,0.0012691157664356126,EGFR/COL4A5/PDGFB/SPP1/VAV3/COL4A6/LAMB3/RASGRF1/PIK3CD/MYLK3/ITGA2/ITGA10/COL4A3/LAMC3/MYL9/MYLK2,16
NA,NA,hsa04820,Cytoskeleton in muscle cells,17/226,233/9422,4.342180621588678e-5,0.0019684552151202008,0.0015997507553221447,COL4A5/COL5A1/ATP1A3/FBLN1/COL27A1/COL4A6/ANK3/SGCG/CKM/ITGA2/ITGA10/FLNC/ATP1A2/COL4A3/TNNT1/AMPD3/MYL9,17
Human Diseases,Cancer: specific types,hsa05226,Gastric cancer,13/226,150/9422,6.183889090332418e-5,0.002402882617957739,0.0019528070811576058,EGFR/CDKN2B/CTNNA2/WNT7A/GADD45G/WNT1/FZD9/SHH/WNT10B/WNT10A/PIK3CD/WNT4/ABCB1,13
Human Diseases,Cancer: specific types,hsa05222,Small cell lung cancer,10/226,93/9422,7.319551252590951e-5,0.0024886474258809235,0.002022507582952763,CDKN2B/COL4A5/GADD45G/COL4A6/NOS2/LAMB3/PIK3CD/ITGA2/COL4A3/LAMC3,10
NA,NA,hsa04517,IgSF CAM signaling,18/226,300/9422,3.142931404197298e-4,0.008662913862038747,0.007040293773328705,CNTN2/SLITRK3/GRIP2/L1CAM/UNC5A/PLXNA2/VAV3/CADM3/CLMP/SLITRK1/ANK3/PIK3CD/MYLK3/CNTN1/IGSF5/F11R/MYL9/MYLK2,18
Human Diseases,Substance dependence,hsa05032,Morphine addiction,9/226,91/9422,3.184894802220128e-4,0.008662913862038747,0.007040293773328705,KCNJ9/PDE2A/GABRQ/GNG11/PDE1A/ADCY2/GABRA5/GNG3/CACNA1A,9
Human Diseases,Infectious disease: viral,hsa05165,Human papillomavirus infection,19/226,333/9422,4.0394465880812496e-4,0.009988449745073635,0.008117548167436005,EGFR/COL4A5/WNT7A/SPP1/WNT1/FZD9/LLGL2/WNT10B/COL4A6/WNT10A/LAMB3/PIK3CD/HES2/ITGA2/ITGA10/COL4A3/WNT4/TCIRG1/LAMC3,19
Environmental Information Processing,Signal transduction,hsa04022,cGMP-PKG signaling pathway,12/226,166/9422,6.375148830954957e-4,0.014450337350164568,0.011743695214917025,IRAG1/PDE2A/ATP1A3/SLC8A3/NFATC4/ADCY2/NPR1/MYLK3/ATP1A2/CNGB1/MYL9/MYLK2,12
NA,NA,hsa04518,Integrin signaling,11/226,154/9422,0.001176357142096429,0.019453228424160033,0.015809512264216747,EGFR/COL4A5/PDGFB/SPP1/COL4A6/LAMB3/PIK3CD/ITGA2/ITGA10/COL4A3/LAMC3,11
Organismal Systems,Endocrine system,hsa04921,Oxytocin signaling pathway,11/226,154/9422,0.001176357142096429,0.019453228424160033,0.015809512264216747,EGFR/KCNJ9/RYR3/NFATC4/ADCY2/NPR1/MYLK3/PLA2G4A/CACNG1/MYL9/MYLK2,11
Environmental Information Processing,Signal transduction,hsa04310,Wnt signaling pathway,12/226,178/9422,0.0011777313267875237,0.019453228424160033,0.015809512264216747,WNT7A/NKD1/WNT1/FZD9/SFRP1/WNT10B/WNT10A/NFATC4/NOTUM/WNT4/ROR1/CXXC4,12
Human Diseases,Endocrine and metabolic disease,hsa04934,Cushing syndrome,11/226,155/9422,0.0012400528365257373,0.019453228424160033,0.015809512264216747,EGFR/CDKN2B/WNT7A/KCNK3/WNT1/FZD9/RASD1/WNT10B/WNT10A/ADCY2/WNT4,11
Human Diseases,Cancer: overview,hsa05205,Proteoglycans in cancer,13/226,204/9422,0.0012456889636480754,0.019453228424160033,0.015809512264216747,EGFR/WNT7A/WNT1/VAV3/FZD9/SHH/WNT10B/WNT10A/HOXD10/ANK3/PIK3CD/ITGA2/WNT4,13
Environmental Information Processing,Signaling molecules and interaction,hsa04512,ECM-receptor interaction,8/226,89/9422,0.0012873459986576493,0.019453228424160033,0.015809512264216747,COL4A5/SPP1/COL4A6/LAMB3/ITGA2/ITGA10/COL4A3/LAMC3,8
Environmental Information Processing,Signal transduction,hsa04371,Apelin signaling pathway,10/226,140/9422,0.0019535164286744082,0.02718873771003957,0.02209611036806622,SPP1/SERPINE1/RYR3/GNG11/NOS2/SLC8A3/ADCY2/GNG3/MYLK3/MYLK2,10
Metabolism,Metabolism of cofactors and vitamins,hsa00760,Nicotinate and nicotinamide metabolism,5/226,38/9422,0.001999171890444086,0.02718873771003957,0.02209611036806622,NMNAT2/QPRT/ASPDH/NAPRT/NT5C1A,5
NA,NA,hsa04082,Neuroactive ligand signaling,12/226,199/9422,0.003012613967979509,0.039020523775734596,0.031711725978731675,GABRQ/GRIK5/GRIK1/SLC1A2/GNG11/DRD2/ADCY2/GABRA5/GNG3/GRM2/SLC17A8/SLC6A11,12
Human Diseases,Infectious disease: parasitic,hsa05146,Amoebiasis,8/226,103/9422,0.0032571200188400576,0.040269847505658894,0.032727043251502975,COL4A5/COL4A6/NOS2/RAB7B/LAMB3/PIK3CD/COL4A3/LAMC3,8
Organismal Systems,Endocrine system,hsa04926,Relaxin signaling pathway,9/226,130/9422,0.004003399559338948,0.047344551310443204,0.03847660903712491,EGFR/COL4A5/GNG11/COL4A6/NOS2/ADCY2/GNG3/PIK3CD/COL4A3,9
