ONTOLOGY,ID,Description,GeneRatio,BgRatio,pvalue,p.adjust,qvalue,geneID,Count
BP,GO:0007409,axonogenesis,20/169,455/18888,4.833689592640348e-9,1.195854805219222e-5,1.006425054130801e-5,THY1/NEFL/ROBO1/KIAA1755/ROBO2/CDH11/SLIT2/SLITRK2/SLIT3/SEMA7A/SLITRK4/BMP7/LGR6/PRICKLE1/PLXNA4/CXCL12/NTN4/PTPRM/VANGL2/ADGRB1,20
BP,GO:0050919,negative chemotaxis,7/169,47/18888,1.8862125808954328e-7,1.1962263627032514e-4,1.0067377549364046e-4,ROBO1/ROBO2/SLIT2/SLIT3/SEMA7A/LGR6/PLXNA4,7
BP,GO:0007411,axon guidance,13/169,234/18888,1.9340765767231227e-7,1.1962263627032514e-4,1.0067377549364046e-4,ROBO1/KIAA1755/ROBO2/SLIT2/SLIT3/SEMA7A/BMP7/LGR6/PLXNA4/CXCL12/NTN4/PTPRM/VANGL2,13
BP,GO:0097485,neuron projection guidance,13/169,234/18888,1.9340765767231227e-7,1.1962263627032514e-4,1.0067377549364046e-4,ROBO1/KIAA1755/ROBO2/SLIT2/SLIT3/SEMA7A/BMP7/LGR6/PLXNA4/CXCL12/NTN4/PTPRM/VANGL2,13
BP,GO:0040013,negative regulation of locomotion,17/169,431/18888,3.444700807768791e-7,1.704437959683998e-4,1.4344459363719306e-4,IGFBP5/BST2/THY1/ROBO1/ROBO2/APOD/CDH11/IFITM1/SLIT2/TMEFF2/SEMA7A/SRGAP3/PTGER4/CXCL12/ATP1B2/PTPRM/ADGRB1,17
BP,GO:0051960,regulation of nervous system development,17/169,468/18888,1.0776535808195048e-6,4.4435249315790917e-4,3.7396469874754053e-4,SERPINE2/THY1/NEFL/ROBO1/ROBO2/THBS2/SLIT2/SLITRK2/SEMA7A/SLITRK4/BMP7/JAM2/PLXNA4/CXCL12/LEF1/SOX11/ADGRB1,17
BP,GO:1902742,apoptotic process involved in development,6/169,40/18888,1.4004361840292819e-6,4.94954159898349e-4,4.165507927834466e-4,ROBO2/MEGF10/SLIT2/SLIT3/BMP7/LEF1,6
BP,GO:0030336,negative regulation of cell migration,15/169,381/18888,1.786573317537358e-6,5.462649618003617e-4,4.597336912058527e-4,IGFBP5/BST2/THY1/ROBO1/APOD/CDH11/IFITM1/SLIT2/TMEFF2/SRGAP3/PTGER4/CXCL12/ATP1B2/PTPRM/ADGRB1,15
BP,GO:0060412,ventricular septum morphogenesis,6/169,43/18888,2.175478810303799e-6,5.462649618003617e-4,4.597336912058527e-4,ROBO1/ROBO2/SLIT2/SLIT3/APLNR/SOX11,6
BP,GO:0051962,positive regulation of nervous system development,13/169,294/18888,2.539571294355174e-6,5.462649618003617e-4,4.597336912058527e-4,SERPINE2/NEFL/ROBO1/ROBO2/THBS2/SLIT2/SLITRK2/SEMA7A/SLITRK4/PLXNA4/CXCL12/SOX11/ADGRB1,13
BP,GO:0001503,ossification,16/169,446/18888,2.665684872478946e-6,5.462649618003617e-4,4.597336912058527e-4,IGFBP5/CDH11/IFITM1/TFAP2A/SEMA7A/BMP7/PRICKLE1/BAMBI/PTGER4/SNX10/PBX1/LEF1/SOX11/MGP/GDPD2/CHRDL1,16
BP,GO:0007156,homophilic cell adhesion via plasma membrane adhesion molecules,10/169,168/18888,2.8076117977551137e-6,5.462649618003617e-4,4.597336912058527e-4,PCDH19/ROBO1/ROBO2/PCDH7/CDH11/CDH6/PCDH10/CADM3/PCDHB5/PTPRM,10
BP,GO:2000146,negative regulation of cell motility,15/169,396/18888,2.8704302762347215e-6,5.462649618003617e-4,4.597336912058527e-4,IGFBP5/BST2/THY1/ROBO1/APOD/CDH11/IFITM1/SLIT2/TMEFF2/SRGAP3/PTGER4/CXCL12/ATP1B2/PTPRM/ADGRB1,15
BP,GO:0060411,cardiac septum morphogenesis,7/169,72/18888,3.66223972569553e-6,6.471700772407672e-4,5.446549005583278e-4,ROBO1/ROBO2/SLIT2/SLIT3/BMP7/APLNR/SOX11,7
BP,GO:0050772,positive regulation of axonogenesis,7/169,78/18888,6.27909690008321e-6,0.001035632382053724,8.715827135694449e-4,NEFL/ROBO1/ROBO2/SLIT2/SEMA7A/PLXNA4/CXCL12,7
BP,GO:0098742,cell-cell adhesion via plasma-membrane adhesion molecules,12/169,279/18888,8.271678582080188e-6,0.0012790083007541491,0.0010764065944312247,PCDH19/ROBO1/ROBO2/PCDH7/CDH11/SLITRK2/TENM1/CDH6/PCDH10/CADM3/PCDHB5/PTPRM,12
BP,GO:0072132,mesenchyme morphogenesis,6/169,58/18888,1.2928001039474619e-5,0.0018814043865682474,0.0015833799415529907,ROBO1/ROBO2/BMP7/FOXF1/APLNR/LEF1,6
BP,GO:0034329,cell junction assembly,15/169,453/18888,1.4379264932678449e-5,0.0019763500801914715,0.0016632857331484198,THY1/GABRE/ROBO2/THBS2/GPM6A/APOD/CDH11/SLITRK2/SLITRK4/EPB41L3/APLNR/CDH6/UGT8/PCDHB5/ADGRB1,15
BP,GO:0042574,retinal metabolic process,4/169,18/18888,1.7161544919945352e-5,0.0022346137964181475,0.0018806391053546765,AKR1C1/CYP27C1/AKR1C3/BCO1,4
BP,GO:0003206,cardiac chamber morphogenesis,8/169,127/18888,1.8898683504476024e-5,0.0022977605545562102,0.001933783081696883,ROBO1/ROBO2/SLIT2/SLIT3/BMP7/FOXF1/APLNR/SOX11,8
BP,GO:0003180,aortic valve morphogenesis,5/169,38/18888,2.1361557297814404e-5,0.0022977605545562102,0.001933783081696883,ROBO1/ROBO2/CDH11/SLIT2/SLIT3,5
BP,GO:0048846,axon extension involved in axon guidance,5/169,38/18888,2.1361557297814404e-5,0.0022977605545562102,0.001933783081696883,SLIT2/SLIT3/SEMA7A/PLXNA4/CXCL12,5
BP,GO:1902284,neuron projection extension involved in neuron projection guidance,5/169,38/18888,2.1361557297814404e-5,0.0022977605545562102,0.001933783081696883,SLIT2/SLIT3/SEMA7A/PLXNA4/CXCL12,5
BP,GO:1901654,response to ketone,10/169,217/18888,2.6556442347890394e-5,0.0027375265986950346,0.0023038878493038253,NEFL/FOXP1/SLIT2/POSTN/SLIT3/PTGER4/AKR1C3/AKR1C2/PTGFR/KLF9,10
BP,GO:0071379,cellular response to prostaglandin stimulus,4/169,21/18888,3.2869620915510685e-5,0.0032527776857989373,0.0027375204282475848,PTGER4/AKR1C3/AKR1C2/PTGFR,4
BP,GO:0021537,telencephalon development,11/169,275/18888,3.867156290321963e-5,0.00362060049403508,0.0030470781505345657,NEFL/ROBO1/ROBO2/FOXP1/SLIT2/KCNA2/SEMA7A/PLXNA4/CXCL12/LEF1/ATP1B2,11
BP,GO:0003176,aortic valve development,5/169,43/18888,3.9513424955112026e-5,0.00362060049403508,0.0030470781505345657,ROBO1/ROBO2/CDH11/SLIT2/SLIT3,5
BP,GO:0003170,heart valve development,6/169,73/18888,4.86777008403622e-5,0.004301022567109146,0.0036197177542194154,ROBO1/ROBO2/CDH11/SLIT2/SLIT3/APLNR,6
BP,GO:0003281,ventricular septum development,6/169,74/18888,5.2583914054373764e-5,0.004366184016985027,0.0036745572844302356,ROBO1/ROBO2/SLIT2/SLIT3/APLNR/SOX11,6
BP,GO:0003279,cardiac septum development,7/169,108/18888,5.2944834482437666e-5,0.004366184016985027,0.0036745572844302356,ROBO1/ROBO2/SLIT2/SLIT3/BMP7/APLNR/SOX11,7
BP,GO:1905314,semi-lunar valve development,5/169,47/18888,6.117502024741983e-5,0.0048821612932940855,0.00410880102035302,ROBO1/ROBO2/CDH11/SLIT2/SLIT3,5
BP,GO:0030638,polyketide metabolic process,3/169,10/18888,8.063451816872615e-5,0.005803602002760053,0.004884280628625872,AKR1C1/AKR1C3/AKR1C2,3
BP,GO:0030647,aminoglycoside antibiotic metabolic process,3/169,10/18888,8.063451816872615e-5,0.005803602002760053,0.004884280628625872,AKR1C1/AKR1C3/AKR1C2,3
BP,GO:0044598,doxorubicin metabolic process,3/169,10/18888,8.063451816872615e-5,0.005803602002760053,0.004884280628625872,AKR1C1/AKR1C3/AKR1C2,3
BP,GO:0050770,regulation of axonogenesis,8/169,156/18888,8.210431289272509e-5,0.005803602002760053,0.004884280628625872,THY1/NEFL/ROBO1/ROBO2/SLIT2/SEMA7A/PLXNA4/CXCL12,8
BP,GO:0031589,cell-substrate adhesion,12/169,359/18888,9.720185607215703e-5,0.006509195006690466,0.0054781039540627765,THY1/APOD/CDH11/POSTN/AJAP1/FOXF1/FREM1/ITGBL1/NTN4/ATP1B2/COL5A3/COL8A1,12
BP,GO:0031346,positive regulation of cell projection organization,12/169,360/18888,9.978364688629341e-5,0.006509195006690466,0.0054781039540627765,NEFL/ROBO1/ROBO2/GPM6A/SLIT2/PLPPR5/SEMA7A/BMP7/TENM1/PLXNA4/CXCL12/ATP1B2,12
BP,GO:0003197,endocardial cushion development,5/169,52/18888,9.997955143663609e-5,0.006509195006690466,0.0054781039540627765,ROBO1/ROBO2/BMP7/FOXF1/APLNR,5
BP,GO:0003272,endocardial cushion formation,4/169,28/18888,1.0708741372186859e-4,0.006793186193535972,0.005717109428929989,ROBO1/ROBO2/BMP7/APLNR,4
BP,GO:0021889,olfactory bulb interneuron differentiation,3/169,11/18888,1.1014359076584818e-4,0.00681238108886771,0.005733263750917045,ROBO1/ROBO2/SLIT2,3
BP,GO:0003205,cardiac chamber development,8/169,168/18888,1.3749811829910058e-4,0.008296837674926215,0.006982574531338151,ROBO1/ROBO2/SLIT2/SLIT3/BMP7/FOXF1/APLNR/SOX11,8
BP,GO:0070099,regulation of chemokine-mediated signaling pathway,3/169,12/18888,1.458930732696145e-4,0.00830512735686351,0.006989551083638693,ROBO1/SLIT2/SLIT3,3
BP,GO:0003231,cardiac ventricle development,7/169,127/18888,1.4723029744164937e-4,0.00830512735686351,0.006989551083638693,ROBO1/ROBO2/SLIT2/SLIT3/FOXF1/APLNR/SOX11,7
BP,GO:2000027,regulation of animal organ morphogenesis,6/169,89/18888,1.4770638791511496e-4,0.00830512735686351,0.006989551083638693,ROBO1/ROBO2/AJAP1/APCDD1/BMP7/NTN4,6
BP,GO:0016049,cell growth,14/169,496/18888,1.5397613030294468e-4,0.008465265474877448,0.007124322473432155,IGFBP5/BST2/SERPINE2/FOXP1/SLIT2/POSTN/RIMS1/SLIT3/SEMA7A/NPR1/PRICKLE1/PLXNA4/PRR5/CXCL12,14
BP,GO:0003007,heart morphogenesis,10/169,269/18888,1.5939268761588598e-4,0.00857255454699352,0.007214616386824314,ROBO1/ROBO2/SLIT2/SLIT3/BMP7/FOXF1/PRICKLE1/APLNR/SOX11/VANGL2,10
BP,GO:0034694,response to prostaglandin,4/169,32/18888,1.8290613798415696e-4,0.009591959899969488,0.008072542518886802,PTGER4/AKR1C3/AKR1C2/PTGFR,4
BP,GO:0061029,eyelid development in camera-type eye,3/169,13/18888,1.8841518500804203e-4,0.009591959899969488,0.008072542518886802,TFAP2A/PRICKLE1/SOX11,3
BP,GO:0072001,renal system development,11/169,329/18888,1.899781871861378e-4,0.009591959899969488,0.008072542518886802,ROBO2/CD24/SLIT2/TFAP2A/BMP7/FOXF1/PRICKLE1/PBX1/SOX11/GPR4/VANGL2,11
BP,GO:1990138,neuron projection extension,8/169,177/18888,1.967670935461468e-4,0.009736035788663343,0.008193796021774283,SLIT2/POSTN/RIMS1/SLIT3/SEMA7A/PRICKLE1/PLXNA4/CXCL12,8
BP,GO:0003179,heart valve morphogenesis,5/169,61/18888,2.144984699029674e-4,0.010405278716469438,0.008757027316162427,ROBO1/ROBO2/CDH11/SLIT2/SLIT3,5
BP,GO:0050767,regulation of neurogenesis,12/169,393/18888,2.2533911219931868e-4,0.01047628353584009,0.008816784595111987,SERPINE2/THY1/NEFL/ROBO1/ROBO2/SLIT2/SEMA7A/BMP7/PLXNA4/CXCL12/LEF1/SOX11,12
BP,GO:0050920,regulation of chemotaxis,9/169,229/18888,2.2549081343478888e-4,0.01047628353584009,0.008816784595111987,ROBO1/ROBO2/SLIT2/CMKLR1/MTUS1/NOD2/SEMA7A/PLXNA4/CXCL12,9
BP,GO:0010959,regulation of metal ion transport,12/169,394/18888,2.3063938539542037e-4,0.01047628353584009,0.008816784595111987,SERPINE2/THY1/OPRD1/FXYD6/CD33/FGF14/APLNR/KCNN2/JPH4/CXCL12/ATP1B2/PLPP4,12
BP,GO:0002685,regulation of leukocyte migration,9/169,230/18888,2.3290040196895917e-4,0.01047628353584009,0.008816784595111987,THY1/APOD/SLIT2/CMKLR1/MTUS1/NOD2/JAM2/PTGER4/CXCL12,9
BP,GO:0050974,detection of mechanical stimulus involved in sensory perception,4/169,35/18888,2.608178020743267e-4,0.011522557898783647,0.009697323543289818,SERPINE2/PIEZO2/SCN9A/CXCL12,4
BP,GO:0008593,regulation of Notch signaling pathway,6/169,100/18888,2.794703677814506e-4,0.012129994559496645,0.010208539011481244,ROBO1/ROBO2/POSTN/GAS2/NOD2/BMP7,6
BP,GO:0006935,chemotaxis,13/169,466/18888,2.973251699492776e-4,0.012570579243386238,0.010579332741955489,ROBO1/ROBO2/SLIT2/CMKLR1/MTUS1/SLIT3/NOD2/SEMA7A/LGR6/PLXNA4/CXCL12/LEF1/CXCL14,13
BP,GO:0048588,developmental cell growth,9/169,238/18888,2.997834176878691e-4,0.012570579243386238,0.010579332741955489,FOXP1/SLIT2/POSTN/RIMS1/SLIT3/SEMA7A/PRICKLE1/PLXNA4/CXCL12,9
BP,GO:0042330,taxis,13/169,468/18888,3.097717846330422e-4,0.012772923253035775,0.010749624386037854,ROBO1/ROBO2/SLIT2/CMKLR1/MTUS1/SLIT3/NOD2/SEMA7A/LGR6/PLXNA4/CXCL12/LEF1/CXCL14,13
BP,GO:0043269,regulation of monoatomic ion transport,13/169,470/18888,3.2266097532270216e-4,0.01294619813250738,0.010895451604518401,SERPINE2/THY1/GABRE/OPRD1/FXYD6/CD33/FGF14/APLNR/KCNN2/JPH4/CXCL12/ATP1B2/PLPP4,13
BP,GO:0021988,olfactory lobe development,4/169,37/18888,3.2443988852686237e-4,0.01294619813250738,0.010895451604518401,ROBO1/ROBO2/SLIT2/SEMA7A,4
BP,GO:0042448,progesterone metabolic process,3/169,16/18888,3.617083762944959e-4,0.014204230523056872,0.011954204984302639,AKR1C1/AKR1C3/AKR1C2,3
BP,GO:0050769,positive regulation of neurogenesis,9/169,246/18888,3.8184272361962306e-4,0.014566546182849915,0.012259127919702649,SERPINE2/NEFL/ROBO1/ROBO2/SLIT2/SEMA7A/PLXNA4/CXCL12/SOX11,9
BP,GO:0097306,cellular response to alcohol,6/169,106/18888,3.827103887975928e-4,0.014566546182849915,0.012259127919702649,MLC1/PTGER4/AKR1C3/AKR1C2/PTGFR/KLF9,6
BP,GO:0001558,regulation of cell growth,12/169,418/18888,3.9383365081746845e-4,0.014762794729127528,0.012424289654177875,IGFBP5/BST2/SERPINE2/FOXP1/SLIT2/RIMS1/SLIT3/SEMA7A/NPR1/PLXNA4/PRR5/CXCL12,12
BP,GO:1901655,cellular response to ketone,6/169,107/18888,4.024822151147701e-4,0.0148618059730439,0.012507616991312103,POSTN/PTGER4/AKR1C3/AKR1C2/PTGFR/KLF9,6
BP,GO:0048532,anatomical structure arrangement,3/169,17/18888,4.363369890173871e-4,0.01587496633572082,0.013360287372699562,KCNA2/TFAP2A/PLXNA4,3
BP,GO:0003203,endocardial cushion morphogenesis,4/169,41/18888,4.838361117722642e-4,0.017347978848182344,0.014599966881549029,ROBO1/ROBO2/BMP7/APLNR,4
BP,GO:0097305,response to alcohol,9/169,259/18888,5.541969043995972e-4,0.019586902021208618,0.01648423273537449,NEFL/MLC1/SLIT2/SLIT3/PTGER4/AKR1C3/AKR1C2/PTGFR/KLF9,9
BP,GO:0007416,synapse assembly,8/169,208/18888,5.806501698170178e-4,0.020232796058131015,0.017027813727176596,GABRE/ROBO2/THBS2/GPM6A/SLITRK2/SLITRK4/PCDHB5/ADGRB1,8
BP,GO:0003184,pulmonary valve morphogenesis,3/169,19/18888,6.136568652740611e-4,0.021085931731778158,0.01774580818000136,ROBO1/ROBO2/SLIT2,3
BP,GO:1901888,regulation of cell junction assembly,8/169,215/18888,7.211598081919426e-4,0.0244404022666694,0.020568912770060024,THY1/ROBO2/THBS2/APOD/SLITRK2/SLITRK4/APLNR/ADGRB1,8
BP,GO:0002718,regulation of cytokine production involved in immune response,6/169,120/18888,7.39557223979634e-4,0.02472519692061641,0.020808594438573486,BST2/TRIL/RSAD2/NOD2/SEMA7A/LAPTM5,6
BP,GO:0003151,outflow tract morphogenesis,5/169,81/18888,8.002153973650167e-4,0.025912608773032714,0.0218079139484571,ROBO1/ROBO2/BMP7/PRICKLE1/SOX11,5
BP,GO:0002367,cytokine production involved in immune response,6/169,122/18888,8.064959076489568e-4,0.025912608773032714,0.0218079139484571,BST2/TRIL/RSAD2/NOD2/SEMA7A/LAPTM5,6
BP,GO:0030278,regulation of ossification,6/169,122/18888,8.064959076489568e-4,0.025912608773032714,0.0218079139484571,TFAP2A/BMP7/PTGER4/PBX1/SOX11/MGP,6
BP,GO:0016137,glycoside metabolic process,3/169,21/18888,8.312791828214837e-4,0.02636647049103014,0.022189881560335967,AKR1C1/AKR1C3/AKR1C2,3
BP,GO:0001654,eye development,11/169,393/18888,8.457729904391532e-4,0.02648661238413247,0.02229099233962219,THY1/GPM6A/TFAP2A/MAF/BMP7/PRICKLE1/PBX1/SOX11/COL8A1/PTPRM/CHRDL1,11
BP,GO:0010975,regulation of neuron projection development,12/169,460/18888,9.135178300397176e-4,0.028047482388438367,0.023604612247088073,THY1/NEFL/ROBO1/ROBO2/SLIT2/PLPPR5/SEMA7A/BMP7/CSMD3/PLXNA4/CXCL12/ATP1B2,12
BP,GO:0150063,visual system development,11/169,397/18888,9.182886311493565e-4,0.028047482388438367,0.023604612247088073,THY1/GPM6A/TFAP2A/MAF/BMP7/PRICKLE1/PBX1/SOX11/COL8A1/PTPRM/CHRDL1,11
BP,GO:1902644,tertiary alcohol metabolic process,3/169,22/18888,9.562346791952976e-4,0.028850299955233735,0.024280259248373542,AKR1C1/AKR1C3/AKR1C2,3
BP,GO:0022602,ovulation cycle process,4/169,50/18888,0.0010336811110662274,0.030532464422161423,0.025695959931513124,ROBO2/SLIT2/GAS2/SLIT3,4
BP,GO:0048880,sensory system development,11/169,403/18888,0.0010366721954169602,0.030532464422161423,0.025695959931513124,THY1/GPM6A/TFAP2A/MAF/BMP7/PRICKLE1/PBX1/SOX11/COL8A1/PTPRM/CHRDL1,11
BP,GO:0003177,pulmonary valve development,3/169,23/18888,0.0010924763075430878,0.031427748661181386,0.026449426393148446,ROBO1/ROBO2/SLIT2,3
BP,GO:0031290,retinal ganglion cell axon guidance,3/169,23/18888,0.0010924763075430878,0.031427748661181386,0.026449426393148446,ROBO2/SLIT2/PTPRM,3
BP,GO:0030900,forebrain development,11/169,408/18888,0.001144720075447442,0.03255215478916059,0.027395720619903696,NEFL/ROBO1/ROBO2/FOXP1/SLIT2/KCNA2/SEMA7A/PLXNA4/CXCL12/LEF1/ATP1B2,11
BP,GO:0060907,positive regulation of macrophage cytokine production,3/169,24/18888,0.0012403803141941827,0.034871601105868275,0.02934775432387672,NOD2/SEMA7A/LAPTM5,3
BP,GO:0048593,camera-type eye morphogenesis,6/169,133/18888,0.001262289633419684,0.03508881520314942,0.029530560554750274,THY1/TFAP2A/BMP7/SOX11/COL8A1/PTPRM,6
BP,GO:0050982,detection of mechanical stimulus,4/169,53/18888,0.0012872832579267528,0.0353859864456754,0.029780658294492605,SERPINE2/PIEZO2/SCN9A/CXCL12,4
BP,GO:0007219,Notch signaling pathway,7/169,183/18888,0.001319053573695142,0.03586086309144814,0.030180311957998744,ROBO1/ROBO2/POSTN/GAS2/NOD2/BMP7/CDH6,7
BP,GO:0002686,negative regulation of leukocyte migration,4/169,55/18888,0.0014786888365162663,0.03948911899594248,0.03323383286132589,APOD/SLIT2/PTGER4/CXCL12,4
BP,GO:0070098,chemokine-mediated signaling pathway,5/169,93/18888,0.0014895603150661646,0.03948911899594248,0.03323383286132589,ROBO1/SLIT2/CMKLR1/SLIT3/CXCL12,5
BP,GO:0007160,cell-matrix adhesion,8/169,241/18888,0.0015003949820608703,0.03948911899594248,0.03323383286132589,THY1/APOD/CDH11/POSTN/AJAP1/FREM1/ITGBL1/COL5A3,8
BP,GO:0043367,"CD4-positive, alpha-beta T cell differentiation",5/169,94/18888,0.0015620361787770543,0.040314789153766,0.03392871248187429,FOXP1/RSAD2/RORC/PTGER4/LEF1,5
BP,GO:0048596,embryonic camera-type eye morphogenesis,3/169,26/18888,0.0015726174005934038,0.040314789153766,0.03392871248187429,TFAP2A/BMP7/SOX11,3
BP,GO:0060560,developmental growth involved in morphogenesis,8/169,243/18888,0.0015806526062713425,0.040314789153766,0.03392871248187429,SLIT2/POSTN/RIMS1/SLIT3/SEMA7A/PRICKLE1/PLXNA4/CXCL12,8
BP,GO:0030308,negative regulation of cell growth,7/169,190/18888,0.0016357775683192625,0.04069941264524877,0.03425240956997068,BST2/SERPINE2/FOXP1/SLIT2/SLIT3/SEMA7A/NPR1,7
BP,GO:0008360,regulation of cell shape,6/169,140/18888,0.0016410725549297098,0.04069941264524877,0.03425240956997068,GAS2/ATP10A/MYH14/EPB41L3/BAMBI/PLXNA4,6
BP,GO:0050808,synapse organization,12/169,493/18888,0.0016450853939065794,0.04069941264524877,0.03425240956997068,NEFL/GABRE/ROBO2/THBS2/GPM6A/SLITRK2/SLITRK4/PLXNA4/CDH6/PCDHB5/CHRDL1/ADGRB1,12
BP,GO:0042692,muscle cell differentiation,11/169,428/18888,0.0016741144070816472,0.04100751527841579,0.03451170711003125,IGFBP5/FOXP1/MEGF10/FOXF1/JAM2/PRDM6/MYBPH/PRICKLE1/APLNR/SOX6/ADGRB1,11
BP,GO:0045926,negative regulation of growth,8/169,247/18888,0.0017513722084434846,0.042479361212639025,0.03575040483282986,IGFBP5/BST2/SERPINE2/FOXP1/SLIT2/SLIT3/SEMA7A/NPR1,8
BP,GO:0007188,adenylate cyclase-modulating G protein-coupled receptor signaling pathway,8/169,249/18888,0.0018420336392919263,0.04424457498648763,0.03723599937168555,OPRD1/CHRM3/ADGRD1/GRIK3/PTGER4/PTGFR/GPR4/ADGRB1,8
BP,GO:0003156,regulation of animal organ formation,3/169,28/18888,0.001955707021564205,0.04652326126297927,0.03915372964224694,ROBO1/ROBO2/BMP7,3
BP,GO:1990868,response to chemokine,5/169,101/18888,0.002144106635717467,0.04919920557825344,0.041405790168823266,ROBO1/SLIT2/CMKLR1/SLIT3/CXCL12,5
BP,GO:1990869,cellular response to chemokine,5/169,101/18888,0.002144106635717467,0.04919920557825344,0.041405790168823266,ROBO1/SLIT2/CMKLR1/SLIT3/CXCL12,5
BP,GO:0006910,"phagocytosis, recognition",3/169,29/18888,0.0021671318621854074,0.04919920557825344,0.041405790168823266,MEGF10/COLEC12/ADGRB1,3
BP,GO:0021952,central nervous system projection neuron axonogenesis,3/169,29/18888,0.0021671318621854074,0.04919920557825344,0.041405790168823266,CDH11/SLIT2/PLXNA4,3
BP,GO:0045744,negative regulation of G protein-coupled receptor signaling pathway,4/169,61/18888,0.00217060936837475,0.04919920557825344,0.041405790168823266,ROBO1/SLIT2/SLIT3/APLNR,4
BP,GO:0031099,regeneration,7/169,200/18888,0.002187515203560177,0.04919920557825344,0.041405790168823266,THY1/NEFL/NNMT/APOD/POSTN/LGR6/CXCL12,7
BP,GO:0001649,osteoblast differentiation,8/169,257/18888,0.0022424139850279537,0.04997956935999241,0.04206254018383398,IGFBP5/IFITM1/SEMA7A/BMP7/BAMBI/LEF1/SOX11/GDPD2,8
CC,GO:0062023,collagen-containing extracellular matrix,19/178,428/19894,1.0648511582653966e-8,2.57693980300226e-6,2.275418790819742e-6,SERPINE2/SPON1/COL21A1/THBS2/FIBCD1/POSTN/AZGP1/MXRA5/SEMA7A/BMP7/COL19A1/FREM1/CXCL12/NTN4/COL5A3/MGP/COL8A1/SERPING1/COLEC12,19
CC,GO:0032589,neuron projection membrane,6/178,60/19894,1.5816188847618603e-5,0.001913758850561851,0.0016898349137192507,THY1/GABRE/ROBO2/OPRD1/EPB41L3/LAMP5,6
CC,GO:0030673,axolemma,3/178,15/19894,2.960680615280872e-4,0.023882823629932368,0.021088356663228666,THY1/ROBO2/EPB41L3,3
CC,GO:0032590,dendrite membrane,4/178,40/19894,4.403303056765904e-4,0.026639983493433717,0.02352290843482838,THY1/GABRE/OPRD1/LAMP5,4
CC,GO:0005581,collagen trimer,5/178,86/19894,0.001051692148948778,0.040678209579019686,0.035918558262466274,COL21A1/COL19A1/COL5A3/COL8A1/COLEC12,5
CC,GO:0031256,leading edge membrane,7/178,179/19894,0.0011654402234604173,0.040678209579019686,0.035918558262466274,THY1/GABRE/ROBO2/OPRD1/KCNA2/EPB41L3/LAMP5,7
CC,GO:0098978,glutamatergic synapse,11/178,409/19894,0.0011766424258394124,0.040678209579019686,0.035918558262466274,GPM6A/CDH11/FXYD6/KCNA2/CADPS/SLITRK2/SLITRK4/GRIK3/PLXNA4/CDH6/CADPS2,11
MF,GO:0005201,extracellular matrix structural constituent,10/170,166/18522,3.156630716806879e-6,0.0011679533652185453,0.001076577212889925,CHI3L1/SPON1/COL21A1/THBS2/POSTN/MXRA5/COL19A1/COL5A3/MGP/COL8A1,10
MF,GO:0008201,heparin binding,9/170,174/18522,3.346732703144857e-5,0.006191455500817985,0.005707059977994388,SERPINE2/THBS2/SLIT2/POSTN/SLIT3/BMP7/LGR6/TENM1/COL5A3,9
MF,GO:0005539,glycosaminoglycan binding,10/170,239/18522,7.420606418238993e-5,0.008042099139411629,0.007412916418689524,SERPINE2/THBS2/SLIT2/POSTN/SLIT3/NOD2/BMP7/LGR6/TENM1/COL5A3,10
MF,GO:0032052,bile acid binding,3/170,10/18522,8.694161231796355e-5,0.008042099139411629,0.007412916418689524,AKR1C1/AKR1C3/AKR1C2,3
MF,GO:0004032,alditol:NADP+ 1-oxidoreductase activity,3/170,12/18522,1.5725083421565535e-4,0.011354218606083858,0.010465908473317695,AKR1C1/AKR1C3/AKR1C2,3
MF,GO:1901681,sulfur compound binding,10/170,267/18522,1.8412246388244095e-4,0.011354218606083858,0.010465908473317695,SERPINE2/THBS2/CHST15/SLIT2/POSTN/SLIT3/BMP7/LGR6/TENM1/COL5A3,10
MF,GO:0004303,estradiol 17-beta-dehydrogenase [NAD(P)] activity,3/170,19/18522,6.606424036086435e-4,0.034919669905028296,0.03218769004048128,AKR1C1/AKR1C3/AKR1C2,3
MF,GO:0030020,extracellular matrix structural constituent conferring tensile strength,4/170,45/18522,7.611043948304698e-4,0.03520107826090923,0.03244708209540424,COL21A1/COL19A1/COL5A3/COL8A1,4
MF,GO:0033293,monocarboxylic acid binding,5/170,81/18522,8.96398330108357e-4,0.03685193134889912,0.03396877882515879,NOD2/AKR1C1/CYP27C1/AKR1C3/AKR1C2,5
MF,GO:0008106,alcohol dehydrogenase (NADP+) activity,3/170,23/18522,0.001175326715966666,0.043487088490766636,0.04008482694454735,AKR1C1/AKR1C3/AKR1C2,3
